run_id,event_id,robot_id,zone,arrival_ms,obstacle_type,severity,fault_detected,fault_kind,path,heal_attempts,edge_latency_ms,llm_latency_ms,eval_latency_ms,total_latency_ms,resolved,wrong_fix,maneuver,config_version
1,evt-0000,amr-00,aisle-block-C,408.024,parked_cart,2,0,,ANALYTICAL,0,1.422,0.0,0.0,1.422,1,0,pass_with_offset_0_5m,1
2,evt-0001,amr-06,aisle-block-A,444.405,static_pallet,2,0,,ANALYTICAL,0,2.635,0.0,0.0,2.635,1,0,reroute_adjacent_aisle,1
3,evt-0002,amr-11,aisle-block-D,947.945,parked_cart,5,0,,ANALYTICAL,0,1.293,0.0,0.0,1.293,1,0,pass_with_offset_0_5m,1
4,evt-0003,amr-06,aisle-block-C,1017.524,aisle_barrier,2,0,,ANALYTICAL,0,2.984,0.0,0.0,2.984,1,0,replan_route,1
5,evt-0004,amr-05,aisle-block-C,1058.212,reflective_floor,4,1,unknown_obstacle,HEALED,2,1.919,2865.078,309.666,3181.663,1,0,fuse_3d_camera_downweight_lidar,1
6,evt-0005,amr-10,aisle-block-C,1379.433,person_in_zone,1,0,,ANALYTICAL,0,1.871,0.0,0.0,1.871,1,0,protective_stop,1
7,evt-0006,amr-03,aisle-block-A,1412.695,aisle_barrier,4,0,,ANALYTICAL,0,2.026,0.0,0.0,2.026,1,0,replan_route,1
8,evt-0007,amr-04,aisle-block-A,1506.734,person_in_zone,2,0,,ANALYTICAL,0,3.816,0.0,0.0,3.816,1,0,protective_stop,1
9,evt-0008,amr-10,aisle-block-B,1632.59,moving_forklift,1,1,unknown_obstacle,HEALED,2,1.15,2656.136,329.662,2991.948,1,0,yield_at_aisle_end_until_clear,1
10,evt-0009,amr-03,aisle-block-C,1757.239,parked_cart,4,0,,ANALYTICAL,0,2.061,0.0,0.0,2.061,1,0,pass_with_offset_0_5m,1
11,evt-0010,amr-03,aisle-block-C,1880.327,stretch_wrap_debris,4,1,unknown_obstacle,HEALED,1,2.245,844.77,169.574,1021.589,1,0,avoid_cell_and_reroute,1
12,evt-0011,amr-08,aisle-block-D,4282.976,static_pallet,1,0,,ANALYTICAL,0,2.698,0.0,0.0,2.698,1,0,reroute_adjacent_aisle,3
13,evt-0012,amr-09,aisle-block-A,4739.351,conveyor_crossing,5,0,,ANALYTICAL,0,1.969,0.0,0.0,1.969,1,0,wait_for_clear_signal,4
14,evt-0013,amr-00,aisle-block-A,5528.031,moving_forklift,5,0,,ANALYTICAL,0,1.63,0.0,0.0,1.63,1,0,yield_at_aisle_end_until_clear,4
15,evt-0014,amr-02,aisle-block-D,5667.003,static_pallet,3,0,,ANALYTICAL,0,1.711,0.0,0.0,1.711,1,0,reroute_adjacent_aisle,4
16,evt-0015,amr-10,aisle-block-C,5712.007,reflective_floor,5,0,,ANALYTICAL,0,1.484,0.0,0.0,1.484,1,0,fuse_3d_camera_downweight_lidar,4
17,evt-0016,amr-08,aisle-block-A,6022.079,person_in_zone,4,0,,ANALYTICAL,0,1.746,0.0,0.0,1.746,1,0,protective_stop,4
18,evt-0017,amr-04,aisle-block-B,6734.8,static_pallet,5,0,,ANALYTICAL,0,1.677,0.0,0.0,1.677,1,0,reroute_adjacent_aisle,4
19,evt-0018,amr-08,aisle-block-B,6763.49,parked_cart,4,0,,ANALYTICAL,0,1.54,0.0,0.0,1.54,1,0,pass_with_offset_0_5m,4
20,evt-0019,amr-03,aisle-block-B,7136.655,spilled_carton,4,1,unknown_obstacle,HEALED,1,2.253,2663.846,183.897,2854.996,1,0,stop_reroute_flag_cleanup,4
21,evt-0020,amr-01,aisle-block-B,7428.227,parked_cart,3,0,,ANALYTICAL,0,2.249,0.0,0.0,2.249,1,0,pass_with_offset_0_5m,4
22,evt-0021,amr-11,aisle-block-A,7431.114,parked_cart,1,1,execution_anomaly,HEALED,1,1.53,1253.245,178.5,1438.276,1,0,retune:pass_with_offset_0_5m,4
23,evt-0022,amr-03,aisle-block-B,7873.342,spilled_carton,5,1,unknown_obstacle,HEAL_JOINED,0,2.264,0.0,0.0,2118.309,1,0,stop_reroute_flag_cleanup,4
24,evt-0023,amr-01,aisle-block-A,8082.407,moving_forklift,3,0,,ANALYTICAL,0,1.451,0.0,0.0,1.451,1,0,yield_at_aisle_end_until_clear,4
25,evt-0024,amr-10,aisle-block-A,8529.971,static_pallet,3,0,,ANALYTICAL,0,1.436,0.0,0.0,1.436,1,0,reroute_adjacent_aisle,4
26,evt-0025,amr-02,aisle-block-D,8837.366,parked_cart,4,0,,ANALYTICAL,0,2.26,0.0,0.0,2.26,1,0,pass_with_offset_0_5m,4
27,evt-0026,amr-08,aisle-block-A,9627.684,static_pallet,5,0,,ANALYTICAL,0,2.505,0.0,0.0,2.505,1,0,reroute_adjacent_aisle,4
28,evt-0027,amr-02,aisle-block-D,10383.069,conveyor_crossing,2,0,,ANALYTICAL,0,1.435,0.0,0.0,1.435,1,0,wait_for_clear_signal,5
29,evt-0028,amr-06,aisle-block-C,10383.932,localization_loss,4,1,unknown_obstacle,HEALED,1,1.965,1690.193,201.392,1898.55,1,0,switch_to_fiducial_localization,5
30,evt-0029,amr-10,aisle-block-D,10995.742,parked_cart,3,0,,ANALYTICAL,0,2.54,0.0,0.0,2.54,1,0,pass_with_offset_0_5m,5
31,evt-0030,amr-05,aisle-block-A,11020.9,static_pallet,4,0,,ANALYTICAL,0,2.975,0.0,0.0,2.975,1,0,reroute_adjacent_aisle,5
32,evt-0031,amr-01,aisle-block-B,12316.317,static_pallet,1,0,,ANALYTICAL,0,3.847,0.0,0.0,3.847,1,0,reroute_adjacent_aisle,6
33,evt-0032,amr-03,aisle-block-A,13200.273,person_in_zone,4,0,,ANALYTICAL,0,2.603,0.0,0.0,2.603,1,0,protective_stop,6
34,evt-0033,amr-10,aisle-block-C,13321.129,parked_cart,4,0,,ANALYTICAL,0,2.47,0.0,0.0,2.47,1,0,pass_with_offset_0_5m,6
35,evt-0034,amr-01,aisle-block-A,14379.262,conveyor_crossing,5,0,,ANALYTICAL,0,1.567,0.0,0.0,1.567,1,0,wait_for_clear_signal,6
36,evt-0035,amr-05,aisle-block-A,14502.525,overhanging_load,3,1,unknown_obstacle,HEALED,1,1.707,1335.974,226.285,1568.965,1,0,reduce_speed_widen_clearance,6
37,evt-0036,amr-10,aisle-block-A,14646.636,moving_forklift,5,0,,ANALYTICAL,0,1.451,0.0,0.0,1.451,1,0,yield_at_aisle_end_until_clear,6
38,evt-0037,amr-01,aisle-block-A,14704.319,spilled_carton,2,0,,ANALYTICAL,0,1.923,0.0,0.0,1.923,1,0,stop_reroute_flag_cleanup,6
39,evt-0038,amr-10,aisle-block-C,14795.379,conveyor_crossing,3,0,,ANALYTICAL,0,1.554,0.0,0.0,1.554,1,0,wait_for_clear_signal,6
40,evt-0039,amr-04,aisle-block-A,15015.743,static_pallet,2,0,,ANALYTICAL,0,2.214,0.0,0.0,2.214,1,0,reroute_adjacent_aisle,6
41,evt-0040,amr-06,aisle-block-A,15336.643,static_pallet,2,0,,ANALYTICAL,0,2.416,0.0,0.0,2.416,1,0,reroute_adjacent_aisle,6
42,evt-0041,amr-02,aisle-block-A,15400.755,aisle_barrier,1,0,,ANALYTICAL,0,3.461,0.0,0.0,3.461,1,0,replan_route,6
43,evt-0042,amr-08,aisle-block-D,15444.142,blocked_dropoff_station,2,1,unknown_obstacle,HEALED,1,2.656,1398.146,235.482,1641.284,1,0,select_alternate_station,6
44,evt-0043,amr-02,aisle-block-D,16087.692,static_pallet,3,0,,ANALYTICAL,0,2.875,0.0,0.0,2.875,1,0,reroute_adjacent_aisle,7
45,evt-0044,amr-03,aisle-block-C,16618.989,parked_cart,1,0,,ANALYTICAL,0,2.563,0.0,0.0,2.563,1,0,pass_with_offset_0_5m,7
46,evt-0045,amr-07,aisle-block-C,16708.033,aisle_barrier,2,0,,ANALYTICAL,0,1.723,0.0,0.0,1.723,1,0,replan_route,7
47,evt-0046,amr-01,aisle-block-C,16838.659,aisle_barrier,5,0,,ANALYTICAL,0,1.831,0.0,0.0,1.831,1,0,replan_route,7
48,evt-0047,amr-01,aisle-block-C,17958.969,parked_cart,3,0,,ANALYTICAL,0,1.922,0.0,0.0,1.922,1,0,pass_with_offset_0_5m,8
49,evt-0048,amr-06,aisle-block-A,18576.482,conveyor_crossing,5,0,,ANALYTICAL,0,1.072,0.0,0.0,1.072,1,0,wait_for_clear_signal,8
50,evt-0049,amr-08,aisle-block-B,18870.004,aisle_barrier,1,0,,ANALYTICAL,0,2.517,0.0,0.0,2.517,1,0,replan_route,8
51,evt-0050,amr-01,aisle-block-C,19305.533,conveyor_crossing,4,0,,ANALYTICAL,0,1.209,0.0,0.0,1.209,1,0,wait_for_clear_signal,8
52,evt-0051,amr-10,aisle-block-D,19390.731,moving_forklift,2,0,,ANALYTICAL,0,2.089,0.0,0.0,2.089,1,0,yield_at_aisle_end_until_clear,8
53,evt-0052,amr-04,aisle-block-B,19390.893,conveyor_crossing,5,0,,ANALYTICAL,0,1.848,0.0,0.0,1.848,1,0,wait_for_clear_signal,8
54,evt-0053,amr-08,aisle-block-D,19841.238,stretch_wrap_debris,2,0,,ANALYTICAL,0,2.471,0.0,0.0,2.471,1,0,avoid_cell_and_reroute,8
55,evt-0054,amr-01,aisle-block-B,20227.494,moving_forklift,2,0,,ANALYTICAL,0,1.909,0.0,0.0,1.909,1,0,yield_at_aisle_end_until_clear,8
56,evt-0055,amr-09,aisle-block-A,21879.965,conveyor_crossing,5,0,,ANALYTICAL,0,3.541,0.0,0.0,3.541,1,0,wait_for_clear_signal,8
57,evt-0056,amr-10,aisle-block-A,21991.842,overhanging_load,1,0,,ANALYTICAL,0,1.5,0.0,0.0,1.5,1,0,reduce_speed_widen_clearance,8
58,evt-0057,amr-07,aisle-block-A,22468.017,person_in_zone,1,0,,ANALYTICAL,0,3.571,0.0,0.0,3.571,1,0,protective_stop,8
59,evt-0058,amr-09,aisle-block-C,24233.587,blocked_dropoff_station,4,0,,ANALYTICAL,0,2.22,0.0,0.0,2.22,1,0,select_alternate_station,8
60,evt-0059,amr-08,aisle-block-D,24943.712,overhanging_load,4,0,,ANALYTICAL,0,2.61,0.0,0.0,2.61,1,0,reduce_speed_widen_clearance,8
61,evt-0060,amr-08,aisle-block-D,25073.622,person_in_zone,3,0,,ANALYTICAL,0,1.263,0.0,0.0,1.263,1,0,protective_stop,8
62,evt-0061,amr-08,aisle-block-A,25237.32,parked_cart,2,0,,ANALYTICAL,0,3.099,0.0,0.0,3.099,1,0,pass_with_offset_0_5m,8
63,evt-0062,amr-05,aisle-block-D,25451.687,conveyor_crossing,2,0,,ANALYTICAL,0,1.901,0.0,0.0,1.901,1,0,wait_for_clear_signal,8
64,evt-0063,amr-00,aisle-block-D,26619.655,conveyor_crossing,3,0,,ANALYTICAL,0,1.647,0.0,0.0,1.647,1,0,wait_for_clear_signal,8
65,evt-0064,amr-08,aisle-block-B,27342.149,conveyor_crossing,3,0,,ANALYTICAL,0,2.381,0.0,0.0,2.381,1,0,wait_for_clear_signal,8
66,evt-0065,amr-06,aisle-block-B,27796.852,reflective_floor,2,0,,ANALYTICAL,0,1.895,0.0,0.0,1.895,1,0,fuse_3d_camera_downweight_lidar,8
67,evt-0066,amr-10,aisle-block-A,28155.342,static_pallet,4,0,,ANALYTICAL,0,2.186,0.0,0.0,2.186,1,0,reroute_adjacent_aisle,8
68,evt-0067,amr-03,aisle-block-D,28345.979,aisle_barrier,4,0,,ANALYTICAL,0,2.006,0.0,0.0,2.006,1,0,replan_route,8
69,evt-0068,amr-07,aisle-block-A,29066.487,stretch_wrap_debris,1,0,,ANALYTICAL,0,1.797,0.0,0.0,1.797,1,0,avoid_cell_and_reroute,8
70,evt-0069,amr-10,aisle-block-A,29674.386,stretch_wrap_debris,2,0,,ANALYTICAL,0,1.794,0.0,0.0,1.794,1,0,avoid_cell_and_reroute,8
71,evt-0070,amr-10,aisle-block-A,29728.357,person_in_zone,2,0,,ANALYTICAL,0,2.401,0.0,0.0,2.401,1,0,protective_stop,8
72,evt-0071,amr-11,aisle-block-A,30100.81,stretch_wrap_debris,2,0,,ANALYTICAL,0,1.054,0.0,0.0,1.054,1,0,avoid_cell_and_reroute,8
73,evt-0072,amr-10,aisle-block-D,30250.372,conveyor_crossing,2,1,execution_anomaly,HEALED,1,1.647,1621.775,169.407,1797.829,1,0,retune:wait_for_clear_signal,8
74,evt-0073,amr-04,aisle-block-A,30293.362,reflective_floor,5,0,,ANALYTICAL,0,1.702,0.0,0.0,1.702,1,0,fuse_3d_camera_downweight_lidar,8
75,evt-0074,amr-08,aisle-block-C,30478.539,static_pallet,4,0,,ANALYTICAL,0,1.163,0.0,0.0,1.163,1,0,reroute_adjacent_aisle,8
76,evt-0075,amr-07,aisle-block-B,30882.323,conveyor_crossing,5,0,,ANALYTICAL,0,1.685,0.0,0.0,1.685,1,0,wait_for_clear_signal,8
77,evt-0076,amr-07,aisle-block-D,31191.349,conveyor_crossing,5,0,,ANALYTICAL,0,2.425,0.0,0.0,2.425,1,0,wait_for_clear_signal,8
78,evt-0077,amr-07,aisle-block-B,31227.609,stretch_wrap_debris,5,0,,ANALYTICAL,0,1.633,0.0,0.0,1.633,1,0,avoid_cell_and_reroute,8
79,evt-0078,amr-02,aisle-block-D,31989.006,parked_cart,3,0,,ANALYTICAL,0,1.463,0.0,0.0,1.463,1,0,pass_with_offset_0_5m,8
80,evt-0079,amr-00,aisle-block-B,32118.34,static_pallet,4,0,,ANALYTICAL,0,2.886,0.0,0.0,2.886,1,0,reroute_adjacent_aisle,8
81,evt-0080,amr-07,aisle-block-D,32533.614,stretch_wrap_debris,1,0,,ANALYTICAL,0,1.2,0.0,0.0,1.2,1,0,avoid_cell_and_reroute,8
82,evt-0081,amr-05,aisle-block-D,32969.824,person_in_zone,3,0,,ANALYTICAL,0,1.435,0.0,0.0,1.435,1,0,protective_stop,8
83,evt-0082,amr-04,aisle-block-C,33455.238,parked_cart,1,0,,ANALYTICAL,0,1.749,0.0,0.0,1.749,1,0,pass_with_offset_0_5m,8
84,evt-0083,amr-11,aisle-block-B,34660.614,parked_cart,4,0,,ANALYTICAL,0,2.265,0.0,0.0,2.265,1,0,pass_with_offset_0_5m,8
85,evt-0084,amr-01,aisle-block-B,35023.934,aisle_barrier,3,0,,ANALYTICAL,0,2.106,0.0,0.0,2.106,1,0,replan_route,8
86,evt-0085,amr-00,aisle-block-C,35152.187,spilled_carton,2,0,,ANALYTICAL,0,1.814,0.0,0.0,1.814,1,0,stop_reroute_flag_cleanup,8
87,evt-0086,amr-04,aisle-block-D,35157.124,conveyor_crossing,3,0,,ANALYTICAL,0,1.621,0.0,0.0,1.621,1,0,wait_for_clear_signal,8
88,evt-0087,amr-01,aisle-block-D,35416.951,conveyor_crossing,5,0,,ANALYTICAL,0,2.197,0.0,0.0,2.197,1,0,wait_for_clear_signal,8
89,evt-0088,amr-04,aisle-block-A,35747.933,blocked_dropoff_station,1,0,,ANALYTICAL,0,2.17,0.0,0.0,2.17,1,0,select_alternate_station,8
90,evt-0089,amr-08,aisle-block-D,36133.306,conveyor_crossing,4,0,,ANALYTICAL,0,1.449,0.0,0.0,1.449,1,0,wait_for_clear_signal,8
91,evt-0090,amr-00,aisle-block-A,36469.621,localization_loss,2,1,execution_anomaly,HEALED,1,1.385,1251.271,170.942,1428.599,1,0,retune:localization_loss,8
92,evt-0091,amr-08,aisle-block-A,36579.325,parked_cart,4,0,,ANALYTICAL,0,2.171,0.0,0.0,2.171,1,0,pass_with_offset_0_5m,8
93,evt-0092,amr-11,aisle-block-C,36684.638,spilled_carton,4,0,,ANALYTICAL,0,1.729,0.0,0.0,1.729,1,0,stop_reroute_flag_cleanup,8
94,evt-0093,amr-09,aisle-block-B,37311.281,conveyor_crossing,5,0,,ANALYTICAL,0,2.002,0.0,0.0,2.002,1,0,wait_for_clear_signal,8
95,evt-0094,amr-00,aisle-block-B,37372.652,stretch_wrap_debris,5,0,,ANALYTICAL,0,1.749,0.0,0.0,1.749,1,0,avoid_cell_and_reroute,8
96,evt-0095,amr-11,aisle-block-C,37425.769,spilled_carton,3,0,,ANALYTICAL,0,1.774,0.0,0.0,1.774,1,0,stop_reroute_flag_cleanup,8
97,evt-0096,amr-06,aisle-block-C,37442.04,person_in_zone,1,0,,ANALYTICAL,0,2.426,0.0,0.0,2.426,1,0,protective_stop,8
98,evt-0097,amr-00,aisle-block-C,37784.493,person_in_zone,2,0,,ANALYTICAL,0,1.98,0.0,0.0,1.98,1,0,protective_stop,8
99,evt-0098,amr-09,aisle-block-D,37864.601,person_in_zone,4,0,,ANALYTICAL,0,1.73,0.0,0.0,1.73,1,0,protective_stop,8
100,evt-0099,amr-01,aisle-block-B,38019.489,aisle_barrier,4,0,,ANALYTICAL,0,2.519,0.0,0.0,2.519,1,0,replan_route,8
101,evt-0100,amr-07,aisle-block-A,38338.978,aisle_barrier,3,0,,ANALYTICAL,0,2.901,0.0,0.0,2.901,1,0,replan_route,8
102,evt-0101,amr-00,aisle-block-D,39035.999,conveyor_crossing,2,0,,ANALYTICAL,0,2.72,0.0,0.0,2.72,1,0,wait_for_clear_signal,8
103,evt-0102,amr-00,aisle-block-B,39269.387,aisle_barrier,2,0,,ANALYTICAL,0,2.71,0.0,0.0,2.71,1,0,replan_route,8
104,evt-0103,amr-10,aisle-block-B,39321.169,spilled_carton,3,0,,ANALYTICAL,0,0.924,0.0,0.0,0.924,1,0,stop_reroute_flag_cleanup,8
105,evt-0104,amr-01,aisle-block-D,41265.563,localization_loss,2,0,,ANALYTICAL,0,1.585,0.0,0.0,1.585,1,0,switch_to_fiducial_localization,8
106,evt-0105,amr-07,aisle-block-D,41393.328,parked_cart,5,0,,ANALYTICAL,0,1.819,0.0,0.0,1.819,1,0,pass_with_offset_0_5m,8
107,evt-0106,amr-02,aisle-block-A,41941.958,aisle_barrier,4,0,,ANALYTICAL,0,1.668,0.0,0.0,1.668,1,0,replan_route,8
108,evt-0107,amr-11,aisle-block-C,41942.985,reflective_floor,5,0,,ANALYTICAL,0,1.8,0.0,0.0,1.8,1,0,fuse_3d_camera_downweight_lidar,8
109,evt-0108,amr-05,aisle-block-C,42252.364,person_in_zone,5,1,execution_anomaly,HEALED,1,1.735,1275.559,181.607,1463.901,1,0,retune:protective_stop,8
110,evt-0109,amr-03,aisle-block-D,43832.974,parked_cart,4,0,,ANALYTICAL,0,3.061,0.0,0.0,3.061,1,0,pass_with_offset_0_5m,8
111,evt-0110,amr-06,aisle-block-B,44500.244,conveyor_crossing,1,0,,ANALYTICAL,0,1.047,0.0,0.0,1.047,1,0,wait_for_clear_signal,8
112,evt-0111,amr-07,aisle-block-A,44542.55,person_in_zone,4,0,,ANALYTICAL,0,1.788,0.0,0.0,1.788,1,0,protective_stop,8
113,evt-0112,amr-01,aisle-block-D,45944.597,stretch_wrap_debris,3,0,,ANALYTICAL,0,2.972,0.0,0.0,2.972,1,0,avoid_cell_and_reroute,8
114,evt-0113,amr-10,aisle-block-D,46708.181,blocked_dropoff_station,4,0,,ANALYTICAL,0,2.675,0.0,0.0,2.675,1,0,select_alternate_station,8
115,evt-0114,amr-04,aisle-block-B,47107.139,stretch_wrap_debris,4,0,,ANALYTICAL,0,3.0,0.0,0.0,3.0,1,0,avoid_cell_and_reroute,8
116,evt-0115,amr-02,aisle-block-C,47149.508,localization_loss,1,0,,ANALYTICAL,0,2.554,0.0,0.0,2.554,1,0,switch_to_fiducial_localization,8
117,evt-0116,amr-03,aisle-block-D,47374.838,person_in_zone,2,0,,ANALYTICAL,0,2.079,0.0,0.0,2.079,1,0,protective_stop,8
118,evt-0117,amr-03,aisle-block-D,47761.567,localization_loss,2,0,,ANALYTICAL,0,2.124,0.0,0.0,2.124,1,0,switch_to_fiducial_localization,8
119,evt-0118,amr-07,aisle-block-C,48201.221,moving_forklift,2,0,,ANALYTICAL,0,1.66,0.0,0.0,1.66,1,0,yield_at_aisle_end_until_clear,8
120,evt-0119,amr-06,aisle-block-C,48343.408,conveyor_crossing,3,0,,ANALYTICAL,0,3.629,0.0,0.0,3.629,1,0,wait_for_clear_signal,8
121,evt-0120,amr-09,aisle-block-C,48451.715,person_in_zone,3,0,,ANALYTICAL,0,2.014,0.0,0.0,2.014,1,0,protective_stop,8
122,evt-0121,amr-10,aisle-block-A,48454.967,localization_loss,4,0,,ANALYTICAL,0,1.752,0.0,0.0,1.752,1,0,switch_to_fiducial_localization,8
123,evt-0122,amr-05,aisle-block-B,48559.575,person_in_zone,5,0,,ANALYTICAL,0,1.386,0.0,0.0,1.386,1,0,protective_stop,8
124,evt-0123,amr-02,aisle-block-A,49016.419,localization_loss,1,0,,ANALYTICAL,0,1.353,0.0,0.0,1.353,1,0,switch_to_fiducial_localization,8
125,evt-0124,amr-01,aisle-block-C,49543.663,aisle_barrier,4,0,,ANALYTICAL,0,2.176,0.0,0.0,2.176,1,0,replan_route,8
126,evt-0125,amr-08,aisle-block-C,50966.657,reflective_floor,3,0,,ANALYTICAL,0,1.749,0.0,0.0,1.749,1,0,fuse_3d_camera_downweight_lidar,8
127,evt-0126,amr-05,aisle-block-A,51106.561,conveyor_crossing,1,0,,ANALYTICAL,0,2.675,0.0,0.0,2.675,1,0,wait_for_clear_signal,8
128,evt-0127,amr-06,aisle-block-C,51621.817,static_pallet,4,0,,ANALYTICAL,0,1.84,0.0,0.0,1.84,1,0,reroute_adjacent_aisle,8
129,evt-0128,amr-10,aisle-block-C,52068.725,person_in_zone,3,0,,ANALYTICAL,0,1.932,0.0,0.0,1.932,1,0,protective_stop,8
130,evt-0129,amr-08,aisle-block-C,52931.201,localization_loss,2,1,execution_anomaly,HEALED,1,2.463,2300.36,201.202,2509.025,1,0,retune:localization_loss,8
131,evt-0130,amr-10,aisle-block-D,53414.229,static_pallet,1,0,,ANALYTICAL,0,2.026,0.0,0.0,2.026,1,0,reroute_adjacent_aisle,8
132,evt-0131,amr-08,aisle-block-B,53455.128,conveyor_crossing,3,0,,ANALYTICAL,0,1.153,0.0,0.0,1.153,1,0,wait_for_clear_signal,8
133,evt-0132,amr-11,aisle-block-B,53672.417,overhanging_load,1,0,,ANALYTICAL,0,2.277,0.0,0.0,2.277,1,0,reduce_speed_widen_clearance,8
134,evt-0133,amr-11,aisle-block-C,53803.674,parked_cart,4,0,,ANALYTICAL,0,1.674,0.0,0.0,1.674,1,0,pass_with_offset_0_5m,8
135,evt-0134,amr-08,aisle-block-C,54266.612,static_pallet,3,0,,ANALYTICAL,0,1.483,0.0,0.0,1.483,1,0,reroute_adjacent_aisle,8
136,evt-0135,amr-10,aisle-block-B,54509.192,moving_forklift,5,1,execution_anomaly,HEALED,1,2.03,2622.054,239.469,2868.553,1,0,retune:moving_forklift,8
137,evt-0136,amr-09,aisle-block-B,56306.676,static_pallet,5,0,,ANALYTICAL,0,2.269,0.0,0.0,2.269,1,0,reroute_adjacent_aisle,8
138,evt-0137,amr-02,aisle-block-A,56466.008,aisle_barrier,2,0,,ANALYTICAL,0,1.606,0.0,0.0,1.606,1,0,replan_route,8
139,evt-0138,amr-00,aisle-block-B,56512.588,static_pallet,2,0,,ANALYTICAL,0,1.621,0.0,0.0,1.621,1,0,reroute_adjacent_aisle,8
140,evt-0139,amr-06,aisle-block-A,56566.806,stretch_wrap_debris,4,0,,ANALYTICAL,0,1.617,0.0,0.0,1.617,1,0,avoid_cell_and_reroute,8
141,evt-0140,amr-03,aisle-block-A,56807.402,spilled_carton,5,1,execution_anomaly,HEALED,1,1.597,1052.276,165.077,1223.95,1,0,retune:spilled_carton,8
142,evt-0141,amr-06,aisle-block-D,59432.148,moving_forklift,4,0,,ANALYTICAL,0,2.395,0.0,0.0,2.395,1,0,yield_at_aisle_end_until_clear,8
143,evt-0142,amr-02,aisle-block-A,59587.658,static_pallet,5,0,,ANALYTICAL,0,2.735,0.0,0.0,2.735,1,0,reroute_adjacent_aisle,8
144,evt-0143,amr-08,aisle-block-C,61678.261,conveyor_crossing,5,0,,ANALYTICAL,0,2.121,0.0,0.0,2.121,1,0,wait_for_clear_signal,8
145,evt-0144,amr-08,aisle-block-B,62103.613,conveyor_crossing,2,0,,ANALYTICAL,0,1.487,0.0,0.0,1.487,1,0,wait_for_clear_signal,8
146,evt-0145,amr-05,aisle-block-D,62626.773,aisle_barrier,3,0,,ANALYTICAL,0,2.92,0.0,0.0,2.92,1,0,replan_route,8
147,evt-0146,amr-01,aisle-block-A,62654.57,conveyor_crossing,3,0,,ANALYTICAL,0,3.718,0.0,0.0,3.718,1,0,wait_for_clear_signal,8
148,evt-0147,amr-05,aisle-block-A,62984.407,conveyor_crossing,4,0,,ANALYTICAL,0,1.608,0.0,0.0,1.608,1,0,wait_for_clear_signal,8
149,evt-0148,amr-05,aisle-block-A,63351.334,person_in_zone,2,0,,ANALYTICAL,0,3.113,0.0,0.0,3.113,1,0,protective_stop,8
150,evt-0149,amr-08,aisle-block-C,63523.717,static_pallet,3,0,,ANALYTICAL,0,1.616,0.0,0.0,1.616,1,0,reroute_adjacent_aisle,8
151,evt-0150,amr-09,aisle-block-A,64992.079,person_in_zone,3,0,,ANALYTICAL,0,1.708,0.0,0.0,1.708,1,0,protective_stop,8
152,evt-0151,amr-05,aisle-block-A,66010.133,parked_cart,2,0,,ANALYTICAL,0,1.279,0.0,0.0,1.279,1,0,pass_with_offset_0_5m,8
153,evt-0152,amr-00,aisle-block-A,66411.278,stretch_wrap_debris,2,0,,ANALYTICAL,0,3.273,0.0,0.0,3.273,1,0,avoid_cell_and_reroute,8
154,evt-0153,amr-05,aisle-block-A,66560.654,overhanging_load,2,0,,ANALYTICAL,0,1.753,0.0,0.0,1.753,1,0,reduce_speed_widen_clearance,8
155,evt-0154,amr-10,aisle-block-D,66687.692,conveyor_crossing,4,0,,ANALYTICAL,0,2.618,0.0,0.0,2.618,1,0,wait_for_clear_signal,8
156,evt-0155,amr-01,aisle-block-C,66857.046,moving_forklift,5,0,,ANALYTICAL,0,2.002,0.0,0.0,2.002,1,0,yield_at_aisle_end_until_clear,8
157,evt-0156,amr-09,aisle-block-A,67058.231,static_pallet,3,0,,ANALYTICAL,0,2.006,0.0,0.0,2.006,1,0,reroute_adjacent_aisle,8
158,evt-0157,amr-01,aisle-block-A,67194.915,conveyor_crossing,4,0,,ANALYTICAL,0,2.717,0.0,0.0,2.717,1,0,wait_for_clear_signal,8
159,evt-0158,amr-10,aisle-block-C,67472.384,static_pallet,1,0,,ANALYTICAL,0,1.605,0.0,0.0,1.605,1,0,reroute_adjacent_aisle,8
160,evt-0159,amr-06,aisle-block-D,67622.588,spilled_carton,4,0,,ANALYTICAL,0,1.836,0.0,0.0,1.836,1,0,stop_reroute_flag_cleanup,8
161,evt-0160,amr-09,aisle-block-D,67698.023,reflective_floor,3,0,,ANALYTICAL,0,1.878,0.0,0.0,1.878,1,0,fuse_3d_camera_downweight_lidar,8
162,evt-0161,amr-08,aisle-block-A,68053.563,conveyor_crossing,3,0,,ANALYTICAL,0,2.468,0.0,0.0,2.468,1,0,wait_for_clear_signal,8
163,evt-0162,amr-10,aisle-block-A,68085.345,person_in_zone,2,0,,ANALYTICAL,0,1.611,0.0,0.0,1.611,1,0,protective_stop,8
164,evt-0163,amr-02,aisle-block-B,68768.934,static_pallet,3,0,,ANALYTICAL,0,2.626,0.0,0.0,2.626,1,0,reroute_adjacent_aisle,8
165,evt-0164,amr-02,aisle-block-D,69195.209,conveyor_crossing,5,0,,ANALYTICAL,0,1.673,0.0,0.0,1.673,1,0,wait_for_clear_signal,8
166,evt-0165,amr-10,aisle-block-C,69527.706,overhanging_load,3,0,,ANALYTICAL,0,2.035,0.0,0.0,2.035,1,0,reduce_speed_widen_clearance,8
167,evt-0166,amr-04,aisle-block-A,69671.991,aisle_barrier,1,0,,ANALYTICAL,0,1.176,0.0,0.0,1.176,1,0,replan_route,8
168,evt-0167,amr-01,aisle-block-A,70384.786,person_in_zone,5,0,,ANALYTICAL,0,1.82,0.0,0.0,1.82,1,0,protective_stop,8
169,evt-0168,amr-00,aisle-block-D,70921.959,localization_loss,5,0,,ANALYTICAL,0,2.99,0.0,0.0,2.99,1,0,switch_to_fiducial_localization,8
170,evt-0169,amr-00,aisle-block-D,70987.372,static_pallet,3,0,,ANALYTICAL,0,1.73,0.0,0.0,1.73,1,0,reroute_adjacent_aisle,8
171,evt-0170,amr-11,aisle-block-D,71003.343,blocked_dropoff_station,5,0,,ANALYTICAL,0,2.403,0.0,0.0,2.403,1,0,select_alternate_station,8
172,evt-0171,amr-06,aisle-block-C,71136.356,moving_forklift,1,0,,ANALYTICAL,0,3.721,0.0,0.0,3.721,1,0,yield_at_aisle_end_until_clear,8
173,evt-0172,amr-10,aisle-block-D,71176.065,aisle_barrier,5,0,,ANALYTICAL,0,2.084,0.0,0.0,2.084,1,0,replan_route,8
174,evt-0173,amr-05,aisle-block-C,71237.059,blocked_dropoff_station,4,0,,ANALYTICAL,0,1.699,0.0,0.0,1.699,1,0,select_alternate_station,8
175,evt-0174,amr-10,aisle-block-C,71564.473,reflective_floor,5,0,,ANALYTICAL,0,2.033,0.0,0.0,2.033,1,0,fuse_3d_camera_downweight_lidar,8
176,evt-0175,amr-04,aisle-block-B,71571.832,blocked_dropoff_station,3,0,,ANALYTICAL,0,2.628,0.0,0.0,2.628,1,0,select_alternate_station,8
177,evt-0176,amr-01,aisle-block-C,71631.031,reflective_floor,1,0,,ANALYTICAL,0,3.264,0.0,0.0,3.264,1,0,fuse_3d_camera_downweight_lidar,8
178,evt-0177,amr-10,aisle-block-C,71930.099,overhanging_load,5,0,,ANALYTICAL,0,2.059,0.0,0.0,2.059,1,0,reduce_speed_widen_clearance,8
179,evt-0178,amr-09,aisle-block-B,72642.059,spilled_carton,1,0,,ANALYTICAL,0,1.423,0.0,0.0,1.423,1,0,stop_reroute_flag_cleanup,8
180,evt-0179,amr-04,aisle-block-D,72876.997,parked_cart,2,0,,ANALYTICAL,0,2.959,0.0,0.0,2.959,1,0,pass_with_offset_0_5m,8
181,evt-0180,amr-05,aisle-block-D,73597.996,conveyor_crossing,3,0,,ANALYTICAL,0,2.044,0.0,0.0,2.044,1,0,wait_for_clear_signal,8
182,evt-0181,amr-03,aisle-block-B,73668.718,overhanging_load,1,0,,ANALYTICAL,0,2.076,0.0,0.0,2.076,1,0,reduce_speed_widen_clearance,8
183,evt-0182,amr-08,aisle-block-A,73712.015,aisle_barrier,2,0,,ANALYTICAL,0,2.54,0.0,0.0,2.54,1,0,replan_route,8
184,evt-0183,amr-03,aisle-block-D,73942.141,overhanging_load,1,0,,ANALYTICAL,0,1.648,0.0,0.0,1.648,1,0,reduce_speed_widen_clearance,8
185,evt-0184,amr-01,aisle-block-C,74137.354,parked_cart,3,0,,ANALYTICAL,0,1.78,0.0,0.0,1.78,1,0,pass_with_offset_0_5m,8
186,evt-0185,amr-02,aisle-block-A,74764.251,aisle_barrier,4,0,,ANALYTICAL,0,1.837,0.0,0.0,1.837,1,0,replan_route,8
187,evt-0186,amr-00,aisle-block-A,75002.37,static_pallet,2,0,,ANALYTICAL,0,1.841,0.0,0.0,1.841,1,0,reroute_adjacent_aisle,8
188,evt-0187,amr-01,aisle-block-C,75302.487,parked_cart,1,0,,ANALYTICAL,0,2.987,0.0,0.0,2.987,1,0,pass_with_offset_0_5m,8
189,evt-0188,amr-01,aisle-block-D,75546.829,person_in_zone,1,0,,ANALYTICAL,0,1.182,0.0,0.0,1.182,1,0,protective_stop,8
190,evt-0189,amr-00,aisle-block-C,75684.543,parked_cart,4,0,,ANALYTICAL,0,2.414,0.0,0.0,2.414,1,0,pass_with_offset_0_5m,8
191,evt-0190,amr-08,aisle-block-A,75863.435,conveyor_crossing,4,0,,ANALYTICAL,0,2.054,0.0,0.0,2.054,1,0,wait_for_clear_signal,8
192,evt-0191,amr-05,aisle-block-A,76413.682,aisle_barrier,1,0,,ANALYTICAL,0,1.673,0.0,0.0,1.673,1,0,replan_route,8
193,evt-0192,amr-08,aisle-block-C,76431.822,reflective_floor,2,0,,ANALYTICAL,0,2.601,0.0,0.0,2.601,1,0,fuse_3d_camera_downweight_lidar,8
194,evt-0193,amr-02,aisle-block-B,76692.264,static_pallet,4,0,,ANALYTICAL,0,2.121,0.0,0.0,2.121,1,0,reroute_adjacent_aisle,8
195,evt-0194,amr-05,aisle-block-C,77560.152,person_in_zone,5,0,,ANALYTICAL,0,2.832,0.0,0.0,2.832,1,0,protective_stop,8
196,evt-0195,amr-00,aisle-block-C,77694.963,aisle_barrier,3,0,,ANALYTICAL,0,2.553,0.0,0.0,2.553,1,0,replan_route,8
197,evt-0196,amr-05,aisle-block-B,78948.765,conveyor_crossing,4,0,,ANALYTICAL,0,2.517,0.0,0.0,2.517,1,0,wait_for_clear_signal,8
198,evt-0197,amr-06,aisle-block-A,78983.255,conveyor_crossing,2,0,,ANALYTICAL,0,1.523,0.0,0.0,1.523,1,0,wait_for_clear_signal,8
199,evt-0198,amr-04,aisle-block-D,79415.861,person_in_zone,4,0,,ANALYTICAL,0,2.028,0.0,0.0,2.028,1,0,protective_stop,8
200,evt-0199,amr-05,aisle-block-D,79934.903,aisle_barrier,1,0,,ANALYTICAL,0,1.709,0.0,0.0,1.709,1,0,replan_route,8
201,evt-0200,amr-10,aisle-block-B,80580.876,blocked_dropoff_station,2,0,,ANALYTICAL,0,2.376,0.0,0.0,2.376,1,0,select_alternate_station,8
202,evt-0201,amr-03,aisle-block-C,80634.851,aisle_barrier,5,0,,ANALYTICAL,0,1.744,0.0,0.0,1.744,1,0,replan_route,8
203,evt-0202,amr-07,aisle-block-A,80820.278,person_in_zone,5,0,,ANALYTICAL,0,1.672,0.0,0.0,1.672,1,0,protective_stop,8
204,evt-0203,amr-00,aisle-block-B,82113.063,conveyor_crossing,4,0,,ANALYTICAL,0,2.7,0.0,0.0,2.7,1,0,wait_for_clear_signal,8
205,evt-0204,amr-03,aisle-block-C,82600.073,spilled_carton,4,0,,ANALYTICAL,0,1.467,0.0,0.0,1.467,1,0,stop_reroute_flag_cleanup,8
206,evt-0205,amr-11,aisle-block-D,82675.887,blocked_dropoff_station,3,0,,ANALYTICAL,0,2.015,0.0,0.0,2.015,1,0,select_alternate_station,8
207,evt-0206,amr-04,aisle-block-B,82813.087,spilled_carton,2,0,,ANALYTICAL,0,2.644,0.0,0.0,2.644,1,0,stop_reroute_flag_cleanup,8
208,evt-0207,amr-02,aisle-block-B,82902.835,stretch_wrap_debris,1,0,,ANALYTICAL,0,1.252,0.0,0.0,1.252,1,0,avoid_cell_and_reroute,8
209,evt-0208,amr-02,aisle-block-A,84532.933,static_pallet,4,0,,ANALYTICAL,0,2.28,0.0,0.0,2.28,1,0,reroute_adjacent_aisle,8
210,evt-0209,amr-09,aisle-block-A,85119.353,static_pallet,3,0,,ANALYTICAL,0,1.692,0.0,0.0,1.692,1,0,reroute_adjacent_aisle,8
211,evt-0210,amr-08,aisle-block-B,85288.305,stretch_wrap_debris,2,0,,ANALYTICAL,0,1.7,0.0,0.0,1.7,1,0,avoid_cell_and_reroute,8
212,evt-0211,amr-02,aisle-block-C,85341.334,parked_cart,3,0,,ANALYTICAL,0,1.987,0.0,0.0,1.987,1,0,pass_with_offset_0_5m,8
213,evt-0212,amr-04,aisle-block-A,85634.005,parked_cart,5,0,,ANALYTICAL,0,1.291,0.0,0.0,1.291,1,0,pass_with_offset_0_5m,8
214,evt-0213,amr-10,aisle-block-B,85673.239,person_in_zone,5,0,,ANALYTICAL,0,2.883,0.0,0.0,2.883,1,0,protective_stop,8
215,evt-0214,amr-09,aisle-block-A,86044.927,reflective_floor,1,0,,ANALYTICAL,0,1.38,0.0,0.0,1.38,1,0,fuse_3d_camera_downweight_lidar,8
216,evt-0215,amr-03,aisle-block-D,86167.894,person_in_zone,1,0,,ANALYTICAL,0,2.787,0.0,0.0,2.787,1,0,protective_stop,8
217,evt-0216,amr-07,aisle-block-B,87423.275,reflective_floor,4,0,,ANALYTICAL,0,2.856,0.0,0.0,2.856,1,0,fuse_3d_camera_downweight_lidar,8
218,evt-0217,amr-07,aisle-block-D,87654.921,parked_cart,5,0,,ANALYTICAL,0,1.741,0.0,0.0,1.741,1,0,pass_with_offset_0_5m,8
219,evt-0218,amr-05,aisle-block-D,89424.84,parked_cart,3,0,,ANALYTICAL,0,4.167,0.0,0.0,4.167,1,0,pass_with_offset_0_5m,8
220,evt-0219,amr-07,aisle-block-B,89477.121,parked_cart,1,0,,ANALYTICAL,0,2.976,0.0,0.0,2.976,1,0,pass_with_offset_0_5m,8
221,evt-0220,amr-02,aisle-block-C,89591.273,localization_loss,3,0,,ANALYTICAL,0,2.149,0.0,0.0,2.149,1,0,switch_to_fiducial_localization,8
222,evt-0221,amr-04,aisle-block-D,89842.827,static_pallet,4,0,,ANALYTICAL,0,3.019,0.0,0.0,3.019,1,0,reroute_adjacent_aisle,8
223,evt-0222,amr-00,aisle-block-C,90016.926,conveyor_crossing,4,0,,ANALYTICAL,0,2.27,0.0,0.0,2.27,1,0,wait_for_clear_signal,8
224,evt-0223,amr-04,aisle-block-C,90074.444,stretch_wrap_debris,3,0,,ANALYTICAL,0,2.343,0.0,0.0,2.343,1,0,avoid_cell_and_reroute,8
225,evt-0224,amr-04,aisle-block-A,90254.54,conveyor_crossing,4,0,,ANALYTICAL,0,1.826,0.0,0.0,1.826,1,0,wait_for_clear_signal,8
226,evt-0225,amr-01,aisle-block-B,90710.812,blocked_dropoff_station,4,0,,ANALYTICAL,0,1.527,0.0,0.0,1.527,1,0,select_alternate_station,8
227,evt-0226,amr-02,aisle-block-B,90892.846,person_in_zone,4,0,,ANALYTICAL,0,1.234,0.0,0.0,1.234,1,0,protective_stop,8
228,evt-0227,amr-07,aisle-block-D,91054.857,parked_cart,5,0,,ANALYTICAL,0,2.795,0.0,0.0,2.795,1,0,pass_with_offset_0_5m,8
229,evt-0228,amr-09,aisle-block-C,91254.517,person_in_zone,5,0,,ANALYTICAL,0,1.686,0.0,0.0,1.686,1,0,protective_stop,8
230,evt-0229,amr-00,aisle-block-C,91397.068,aisle_barrier,1,0,,ANALYTICAL,0,1.974,0.0,0.0,1.974,1,0,replan_route,8
231,evt-0230,amr-11,aisle-block-A,91913.933,person_in_zone,3,0,,ANALYTICAL,0,1.826,0.0,0.0,1.826,1,0,protective_stop,8
232,evt-0231,amr-11,aisle-block-A,92258.687,person_in_zone,2,0,,ANALYTICAL,0,2.199,0.0,0.0,2.199,1,0,protective_stop,8
233,evt-0232,amr-10,aisle-block-B,92450.024,static_pallet,1,0,,ANALYTICAL,0,1.674,0.0,0.0,1.674,1,0,reroute_adjacent_aisle,8
234,evt-0233,amr-03,aisle-block-D,92663.089,conveyor_crossing,5,0,,ANALYTICAL,0,2.006,0.0,0.0,2.006,1,0,wait_for_clear_signal,8
235,evt-0234,amr-02,aisle-block-B,92688.811,person_in_zone,4,0,,ANALYTICAL,0,1.985,0.0,0.0,1.985,1,0,protective_stop,8
236,evt-0235,amr-05,aisle-block-C,93661.543,moving_forklift,3,0,,ANALYTICAL,0,1.929,0.0,0.0,1.929,1,0,yield_at_aisle_end_until_clear,8
237,evt-0236,amr-03,aisle-block-C,93988.2,stretch_wrap_debris,2,0,,ANALYTICAL,0,1.277,0.0,0.0,1.277,1,0,avoid_cell_and_reroute,8
238,evt-0237,amr-11,aisle-block-C,94317.035,aisle_barrier,5,0,,ANALYTICAL,0,2.275,0.0,0.0,2.275,1,0,replan_route,8
239,evt-0238,amr-02,aisle-block-C,94999.365,static_pallet,1,0,,ANALYTICAL,0,3.304,0.0,0.0,3.304,1,0,reroute_adjacent_aisle,8
240,evt-0239,amr-03,aisle-block-C,95260.228,localization_loss,3,0,,ANALYTICAL,0,2.778,0.0,0.0,2.778,1,0,switch_to_fiducial_localization,8
241,evt-0240,amr-10,aisle-block-B,95371.299,person_in_zone,1,0,,ANALYTICAL,0,0.985,0.0,0.0,0.985,1,0,protective_stop,8
242,evt-0241,amr-02,aisle-block-A,95828.565,blocked_dropoff_station,2,0,,ANALYTICAL,0,2.092,0.0,0.0,2.092,1,0,select_alternate_station,8
243,evt-0242,amr-03,aisle-block-C,96088.178,aisle_barrier,1,0,,ANALYTICAL,0,2.174,0.0,0.0,2.174,1,0,replan_route,8
244,evt-0243,amr-11,aisle-block-A,96394.596,localization_loss,2,0,,ANALYTICAL,0,1.82,0.0,0.0,1.82,1,0,switch_to_fiducial_localization,8
245,evt-0244,amr-06,aisle-block-D,96409.403,parked_cart,3,0,,ANALYTICAL,0,1.722,0.0,0.0,1.722,1,0,pass_with_offset_0_5m,8
246,evt-0245,amr-05,aisle-block-C,96454.805,conveyor_crossing,5,0,,ANALYTICAL,0,1.993,0.0,0.0,1.993,1,0,wait_for_clear_signal,8
247,evt-0246,amr-04,aisle-block-B,96735.448,reflective_floor,3,0,,ANALYTICAL,0,1.688,0.0,0.0,1.688,1,0,fuse_3d_camera_downweight_lidar,8
248,evt-0247,amr-11,aisle-block-C,96817.864,stretch_wrap_debris,5,0,,ANALYTICAL,0,3.123,0.0,0.0,3.123,1,0,avoid_cell_and_reroute,8
249,evt-0248,amr-06,aisle-block-D,97225.111,person_in_zone,1,0,,ANALYTICAL,0,1.589,0.0,0.0,1.589,1,0,protective_stop,8
250,evt-0249,amr-03,aisle-block-A,97484.728,aisle_barrier,2,0,,ANALYTICAL,0,1.959,0.0,0.0,1.959,1,0,replan_route,8
251,evt-0250,amr-09,aisle-block-A,97834.079,aisle_barrier,3,0,,ANALYTICAL,0,2.258,0.0,0.0,2.258,1,0,replan_route,8
252,evt-0251,amr-06,aisle-block-C,97980.657,moving_forklift,3,0,,ANALYTICAL,0,2.089,0.0,0.0,2.089,1,0,yield_at_aisle_end_until_clear,8
253,evt-0252,amr-07,aisle-block-C,98240.832,conveyor_crossing,5,0,,ANALYTICAL,0,1.06,0.0,0.0,1.06,1,0,wait_for_clear_signal,8
254,evt-0253,amr-03,aisle-block-A,98939.401,person_in_zone,5,0,,ANALYTICAL,0,2.04,0.0,0.0,2.04,1,0,protective_stop,8
255,evt-0254,amr-08,aisle-block-B,98964.9,person_in_zone,2,0,,ANALYTICAL,0,1.715,0.0,0.0,1.715,1,0,protective_stop,8
256,evt-0255,amr-11,aisle-block-D,99421.043,static_pallet,5,0,,ANALYTICAL,0,1.539,0.0,0.0,1.539,1,0,reroute_adjacent_aisle,8
257,evt-0256,amr-09,aisle-block-A,99635.791,person_in_zone,3,0,,ANALYTICAL,0,2.363,0.0,0.0,2.363,1,0,protective_stop,8
258,evt-0257,amr-09,aisle-block-A,100183.652,static_pallet,3,0,,ANALYTICAL,0,2.725,0.0,0.0,2.725,1,0,reroute_adjacent_aisle,8
259,evt-0258,amr-07,aisle-block-A,101082.203,aisle_barrier,2,0,,ANALYTICAL,0,2.445,0.0,0.0,2.445,1,0,replan_route,8
260,evt-0259,amr-06,aisle-block-C,101497.452,blocked_dropoff_station,4,0,,ANALYTICAL,0,1.6,0.0,0.0,1.6,1,0,select_alternate_station,8
261,evt-0260,amr-10,aisle-block-B,101530.913,moving_forklift,3,0,,ANALYTICAL,0,2.689,0.0,0.0,2.689,1,0,yield_at_aisle_end_until_clear,8
262,evt-0261,amr-03,aisle-block-A,101585.4,stretch_wrap_debris,3,0,,ANALYTICAL,0,1.036,0.0,0.0,1.036,1,0,avoid_cell_and_reroute,8
263,evt-0262,amr-03,aisle-block-B,101776.148,conveyor_crossing,2,0,,ANALYTICAL,0,2.007,0.0,0.0,2.007,1,0,wait_for_clear_signal,8
264,evt-0263,amr-10,aisle-block-D,101824.042,person_in_zone,1,0,,ANALYTICAL,0,2.081,0.0,0.0,2.081,1,0,protective_stop,8
265,evt-0264,amr-10,aisle-block-A,102060.597,parked_cart,1,0,,ANALYTICAL,0,1.479,0.0,0.0,1.479,1,0,pass_with_offset_0_5m,8
266,evt-0265,amr-00,aisle-block-B,102857.845,conveyor_crossing,3,0,,ANALYTICAL,0,1.5,0.0,0.0,1.5,1,0,wait_for_clear_signal,8
267,evt-0266,amr-10,aisle-block-C,103202.447,parked_cart,2,0,,ANALYTICAL,0,2.341,0.0,0.0,2.341,1,0,pass_with_offset_0_5m,8
268,evt-0267,amr-08,aisle-block-B,103331.165,person_in_zone,4,0,,ANALYTICAL,0,2.398,0.0,0.0,2.398,1,0,protective_stop,8
269,evt-0268,amr-06,aisle-block-C,103743.527,spilled_carton,4,0,,ANALYTICAL,0,1.398,0.0,0.0,1.398,1,0,stop_reroute_flag_cleanup,8
270,evt-0269,amr-03,aisle-block-C,104000.143,overhanging_load,2,0,,ANALYTICAL,0,3.107,0.0,0.0,3.107,1,0,reduce_speed_widen_clearance,8
271,evt-0270,amr-08,aisle-block-B,105374.287,conveyor_crossing,3,0,,ANALYTICAL,0,1.919,0.0,0.0,1.919,1,0,wait_for_clear_signal,8
272,evt-0271,amr-01,aisle-block-B,106125.563,static_pallet,4,0,,ANALYTICAL,0,2.532,0.0,0.0,2.532,1,0,reroute_adjacent_aisle,8
273,evt-0272,amr-09,aisle-block-B,106208.946,conveyor_crossing,3,0,,ANALYTICAL,0,3.074,0.0,0.0,3.074,1,0,wait_for_clear_signal,8
274,evt-0273,amr-11,aisle-block-A,106293.246,stretch_wrap_debris,4,0,,ANALYTICAL,0,1.182,0.0,0.0,1.182,1,0,avoid_cell_and_reroute,8
275,evt-0274,amr-03,aisle-block-C,106495.337,stretch_wrap_debris,4,0,,ANALYTICAL,0,2.736,0.0,0.0,2.736,1,0,avoid_cell_and_reroute,8
276,evt-0275,amr-07,aisle-block-D,106673.63,static_pallet,4,0,,ANALYTICAL,0,2.388,0.0,0.0,2.388,1,0,reroute_adjacent_aisle,8
277,evt-0276,amr-00,aisle-block-B,106823.753,spilled_carton,1,0,,ANALYTICAL,0,2.483,0.0,0.0,2.483,1,0,stop_reroute_flag_cleanup,8
278,evt-0277,amr-02,aisle-block-B,107039.977,aisle_barrier,4,0,,ANALYTICAL,0,2.428,0.0,0.0,2.428,1,0,replan_route,8
279,evt-0278,amr-05,aisle-block-C,108189.132,stretch_wrap_debris,4,0,,ANALYTICAL,0,1.226,0.0,0.0,1.226,1,0,avoid_cell_and_reroute,8
280,evt-0279,amr-05,aisle-block-B,108262.813,parked_cart,5,0,,ANALYTICAL,0,1.533,0.0,0.0,1.533,1,0,pass_with_offset_0_5m,8
281,evt-0280,amr-00,aisle-block-A,108673.489,reflective_floor,1,0,,ANALYTICAL,0,1.615,0.0,0.0,1.615,1,0,fuse_3d_camera_downweight_lidar,8
282,evt-0281,amr-10,aisle-block-B,108886.168,static_pallet,2,0,,ANALYTICAL,0,1.794,0.0,0.0,1.794,1,0,reroute_adjacent_aisle,8
283,evt-0282,amr-10,aisle-block-D,109270.929,moving_forklift,1,0,,ANALYTICAL,0,1.941,0.0,0.0,1.941,1,0,yield_at_aisle_end_until_clear,8
284,evt-0283,amr-04,aisle-block-C,109572.443,static_pallet,4,0,,ANALYTICAL,0,2.326,0.0,0.0,2.326,1,0,reroute_adjacent_aisle,8
285,evt-0284,amr-02,aisle-block-B,109612.952,parked_cart,5,0,,ANALYTICAL,0,5.023,0.0,0.0,5.023,1,0,pass_with_offset_0_5m,8
286,evt-0285,amr-06,aisle-block-D,109645.878,person_in_zone,2,0,,ANALYTICAL,0,1.746,0.0,0.0,1.746,1,0,protective_stop,8
287,evt-0286,amr-10,aisle-block-A,111561.261,static_pallet,4,0,,ANALYTICAL,0,2.882,0.0,0.0,2.882,1,0,reroute_adjacent_aisle,8
288,evt-0287,amr-01,aisle-block-D,112046.662,reflective_floor,3,0,,ANALYTICAL,0,3.611,0.0,0.0,3.611,1,0,fuse_3d_camera_downweight_lidar,8
289,evt-0288,amr-00,aisle-block-B,112347.107,parked_cart,5,0,,ANALYTICAL,0,3.157,0.0,0.0,3.157,1,0,pass_with_offset_0_5m,8
290,evt-0289,amr-08,aisle-block-A,113386.345,parked_cart,3,0,,ANALYTICAL,0,1.825,0.0,0.0,1.825,1,0,pass_with_offset_0_5m,8
291,evt-0290,amr-06,aisle-block-A,114073.803,aisle_barrier,5,0,,ANALYTICAL,0,1.505,0.0,0.0,1.505,1,0,replan_route,8
292,evt-0291,amr-05,aisle-block-D,114981.176,stretch_wrap_debris,2,0,,ANALYTICAL,0,1.837,0.0,0.0,1.837,1,0,avoid_cell_and_reroute,8
293,evt-0292,amr-05,aisle-block-A,115528.489,static_pallet,2,0,,ANALYTICAL,0,2.093,0.0,0.0,2.093,1,0,reroute_adjacent_aisle,8
294,evt-0293,amr-06,aisle-block-C,116767.67,static_pallet,3,0,,ANALYTICAL,0,2.889,0.0,0.0,2.889,1,0,reroute_adjacent_aisle,8
295,evt-0294,amr-06,aisle-block-D,117089.782,parked_cart,5,0,,ANALYTICAL,0,2.931,0.0,0.0,2.931,1,0,pass_with_offset_0_5m,8
296,evt-0295,amr-11,aisle-block-A,117729.686,static_pallet,2,0,,ANALYTICAL,0,2.566,0.0,0.0,2.566,1,0,reroute_adjacent_aisle,8
297,evt-0296,amr-05,aisle-block-A,117927.157,static_pallet,3,0,,ANALYTICAL,0,2.759,0.0,0.0,2.759,1,0,reroute_adjacent_aisle,8
298,evt-0297,amr-06,aisle-block-D,117963.695,person_in_zone,5,0,,ANALYTICAL,0,2.145,0.0,0.0,2.145,1,0,protective_stop,8
299,evt-0298,amr-09,aisle-block-C,118002.769,overhanging_load,1,0,,ANALYTICAL,0,2.14,0.0,0.0,2.14,1,0,reduce_speed_widen_clearance,8
300,evt-0299,amr-03,aisle-block-B,118928.373,moving_forklift,2,0,,ANALYTICAL,0,1.595,0.0,0.0,1.595,1,0,yield_at_aisle_end_until_clear,8
301,evt-0300,amr-06,aisle-block-C,118954.516,conveyor_crossing,4,0,,ANALYTICAL,0,2.597,0.0,0.0,2.597,1,0,wait_for_clear_signal,8
302,evt-0301,amr-07,aisle-block-B,119464.989,conveyor_crossing,2,0,,ANALYTICAL,0,1.825,0.0,0.0,1.825,1,0,wait_for_clear_signal,8
303,evt-0302,amr-05,aisle-block-D,119852.225,aisle_barrier,5,0,,ANALYTICAL,0,2.36,0.0,0.0,2.36,1,0,replan_route,8
304,evt-0303,amr-05,aisle-block-B,119941.908,blocked_dropoff_station,3,0,,ANALYTICAL,0,1.935,0.0,0.0,1.935,1,0,select_alternate_station,8
305,evt-0304,amr-03,aisle-block-C,120285.003,aisle_barrier,4,0,,ANALYTICAL,0,1.128,0.0,0.0,1.128,1,0,replan_route,8
306,evt-0305,amr-02,aisle-block-A,122645.642,blocked_dropoff_station,4,0,,ANALYTICAL,0,2.106,0.0,0.0,2.106,1,0,select_alternate_station,8
307,evt-0306,amr-01,aisle-block-D,123357.452,moving_forklift,2,0,,ANALYTICAL,0,3.239,0.0,0.0,3.239,1,0,yield_at_aisle_end_until_clear,8
308,evt-0307,amr-06,aisle-block-A,123859.89,conveyor_crossing,5,0,,ANALYTICAL,0,1.241,0.0,0.0,1.241,1,0,wait_for_clear_signal,8
309,evt-0308,amr-11,aisle-block-D,124872.148,person_in_zone,3,0,,ANALYTICAL,0,2.444,0.0,0.0,2.444,1,0,protective_stop,8
310,evt-0309,amr-01,aisle-block-B,125855.381,moving_forklift,3,0,,ANALYTICAL,0,1.653,0.0,0.0,1.653,1,0,yield_at_aisle_end_until_clear,8
311,evt-0310,amr-10,aisle-block-D,126269.672,blocked_dropoff_station,3,0,,ANALYTICAL,0,1.733,0.0,0.0,1.733,1,0,select_alternate_station,8
312,evt-0311,amr-08,aisle-block-B,126389.432,conveyor_crossing,4,0,,ANALYTICAL,0,1.63,0.0,0.0,1.63,1,0,wait_for_clear_signal,8
313,evt-0312,amr-00,aisle-block-D,126454.79,static_pallet,4,0,,ANALYTICAL,0,1.795,0.0,0.0,1.795,1,0,reroute_adjacent_aisle,8
314,evt-0313,amr-05,aisle-block-C,126978.747,aisle_barrier,2,0,,ANALYTICAL,0,1.448,0.0,0.0,1.448,1,0,replan_route,8
315,evt-0314,amr-07,aisle-block-C,127490.792,static_pallet,1,0,,ANALYTICAL,0,1.514,0.0,0.0,1.514,1,0,reroute_adjacent_aisle,8
316,evt-0315,amr-10,aisle-block-B,127908.408,localization_loss,2,0,,ANALYTICAL,0,3.261,0.0,0.0,3.261,1,0,switch_to_fiducial_localization,8
317,evt-0316,amr-07,aisle-block-B,128130.715,reflective_floor,2,0,,ANALYTICAL,0,1.093,0.0,0.0,1.093,1,0,fuse_3d_camera_downweight_lidar,8
318,evt-0317,amr-03,aisle-block-D,128665.547,person_in_zone,4,0,,ANALYTICAL,0,1.98,0.0,0.0,1.98,1,0,protective_stop,8
319,evt-0318,amr-01,aisle-block-A,129152.181,reflective_floor,5,0,,ANALYTICAL,0,3.115,0.0,0.0,3.115,1,0,fuse_3d_camera_downweight_lidar,8
320,evt-0319,amr-07,aisle-block-C,129273.897,person_in_zone,5,0,,ANALYTICAL,0,2.335,0.0,0.0,2.335,1,0,protective_stop,8
321,evt-0320,amr-02,aisle-block-C,129518.79,localization_loss,5,0,,ANALYTICAL,0,0.951,0.0,0.0,0.951,1,0,switch_to_fiducial_localization,8
322,evt-0321,amr-02,aisle-block-C,129664.546,spilled_carton,5,0,,ANALYTICAL,0,2.528,0.0,0.0,2.528,1,0,stop_reroute_flag_cleanup,8
323,evt-0322,amr-07,aisle-block-B,129884.538,person_in_zone,4,0,,ANALYTICAL,0,1.932,0.0,0.0,1.932,1,0,protective_stop,8
324,evt-0323,amr-05,aisle-block-A,130270.951,conveyor_crossing,2,0,,ANALYTICAL,0,3.014,0.0,0.0,3.014,1,0,wait_for_clear_signal,8
325,evt-0324,amr-10,aisle-block-D,130544.206,conveyor_crossing,4,0,,ANALYTICAL,0,1.324,0.0,0.0,1.324,1,0,wait_for_clear_signal,8
326,evt-0325,amr-04,aisle-block-A,131116.817,aisle_barrier,5,0,,ANALYTICAL,0,2.838,0.0,0.0,2.838,1,0,replan_route,8
327,evt-0326,amr-07,aisle-block-A,131709.143,person_in_zone,3,0,,ANALYTICAL,0,2.187,0.0,0.0,2.187,1,0,protective_stop,8
328,evt-0327,amr-00,aisle-block-D,132400.907,person_in_zone,4,0,,ANALYTICAL,0,1.436,0.0,0.0,1.436,1,0,protective_stop,8
329,evt-0328,amr-00,aisle-block-D,132542.27,aisle_barrier,1,0,,ANALYTICAL,0,5.137,0.0,0.0,5.137,1,0,replan_route,8
330,evt-0329,amr-11,aisle-block-C,132650.441,overhanging_load,5,0,,ANALYTICAL,0,2.688,0.0,0.0,2.688,1,0,reduce_speed_widen_clearance,8
331,evt-0330,amr-03,aisle-block-A,132743.022,person_in_zone,5,0,,ANALYTICAL,0,2.037,0.0,0.0,2.037,1,0,protective_stop,8
332,evt-0331,amr-04,aisle-block-C,133230.053,blocked_dropoff_station,5,0,,ANALYTICAL,0,2.031,0.0,0.0,2.031,1,0,select_alternate_station,8
333,evt-0332,amr-06,aisle-block-A,134546.33,blocked_dropoff_station,2,0,,ANALYTICAL,0,1.884,0.0,0.0,1.884,1,0,select_alternate_station,8
334,evt-0333,amr-03,aisle-block-D,134701.831,conveyor_crossing,5,0,,ANALYTICAL,0,2.731,0.0,0.0,2.731,1,0,wait_for_clear_signal,8
335,evt-0334,amr-01,aisle-block-D,134733.238,person_in_zone,3,0,,ANALYTICAL,0,2.774,0.0,0.0,2.774,1,0,protective_stop,8
336,evt-0335,amr-09,aisle-block-A,135001.045,overhanging_load,1,0,,ANALYTICAL,0,4.621,0.0,0.0,4.621,1,0,reduce_speed_widen_clearance,8
337,evt-0336,amr-01,aisle-block-D,135178.451,parked_cart,4,1,execution_anomaly,HEALED,1,2.216,800.392,198.494,1006.102,1,0,retune:pass_with_offset_0_5m,8
338,evt-0337,amr-08,aisle-block-B,135311.854,person_in_zone,4,0,,ANALYTICAL,0,0.874,0.0,0.0,0.874,1,0,protective_stop,8
339,evt-0338,amr-10,aisle-block-D,135330.667,static_pallet,2,0,,ANALYTICAL,0,1.619,0.0,0.0,1.619,1,0,reroute_adjacent_aisle,8
340,evt-0339,amr-11,aisle-block-B,135421.085,overhanging_load,3,1,execution_anomaly,HEALED,1,2.925,2472.303,103.465,2583.694,1,0,retune:overhanging_load,8
341,evt-0340,amr-04,aisle-block-A,135846.292,aisle_barrier,2,0,,ANALYTICAL,0,1.517,0.0,0.0,1.517,1,0,replan_route,8
342,evt-0341,amr-06,aisle-block-A,136409.27,spilled_carton,1,0,,ANALYTICAL,0,1.121,0.0,0.0,1.121,1,0,stop_reroute_flag_cleanup,8
343,evt-0342,amr-07,aisle-block-A,136702.395,static_pallet,3,0,,ANALYTICAL,0,2.412,0.0,0.0,2.412,1,0,reroute_adjacent_aisle,8
344,evt-0343,amr-01,aisle-block-B,136759.101,aisle_barrier,1,0,,ANALYTICAL,0,2.452,0.0,0.0,2.452,1,0,replan_route,8
345,evt-0344,amr-02,aisle-block-B,136952.074,static_pallet,5,1,execution_anomaly,HEALED,2,1.553,3065.826,412.583,3484.962,1,0,retune:reroute_adjacent_aisle,8
346,evt-0345,amr-10,aisle-block-B,137464.75,localization_loss,5,0,,ANALYTICAL,0,2.239,0.0,0.0,2.239,1,0,switch_to_fiducial_localization,8
347,evt-0346,amr-01,aisle-block-D,137507.101,aisle_barrier,4,0,,ANALYTICAL,0,1.626,0.0,0.0,1.626,1,0,replan_route,8
348,evt-0347,amr-08,aisle-block-C,137542.305,stretch_wrap_debris,1,0,,ANALYTICAL,0,2.544,0.0,0.0,2.544,1,0,avoid_cell_and_reroute,8
349,evt-0348,amr-08,aisle-block-B,137834.022,stretch_wrap_debris,3,0,,ANALYTICAL,0,1.948,0.0,0.0,1.948,1,0,avoid_cell_and_reroute,8
350,evt-0349,amr-06,aisle-block-A,137943.45,parked_cart,5,0,,ANALYTICAL,0,0.884,0.0,0.0,0.884,1,0,pass_with_offset_0_5m,8
351,evt-0350,amr-05,aisle-block-B,138122.652,conveyor_crossing,5,0,,ANALYTICAL,0,1.253,0.0,0.0,1.253,1,0,wait_for_clear_signal,8
352,evt-0351,amr-01,aisle-block-A,138377.369,person_in_zone,1,0,,ANALYTICAL,0,2.489,0.0,0.0,2.489,1,0,protective_stop,8
353,evt-0352,amr-08,aisle-block-C,139000.278,person_in_zone,5,0,,ANALYTICAL,0,2.77,0.0,0.0,2.77,1,0,protective_stop,8
354,evt-0353,amr-08,aisle-block-B,139409.536,aisle_barrier,3,0,,ANALYTICAL,0,2.559,0.0,0.0,2.559,1,0,replan_route,8
355,evt-0354,amr-05,aisle-block-D,139477.082,person_in_zone,1,0,,ANALYTICAL,0,1.717,0.0,0.0,1.717,1,0,protective_stop,8
356,evt-0355,amr-03,aisle-block-A,139586.14,localization_loss,1,0,,ANALYTICAL,0,1.691,0.0,0.0,1.691,1,0,switch_to_fiducial_localization,8
357,evt-0356,amr-11,aisle-block-B,140127.584,static_pallet,2,0,,ANALYTICAL,0,1.714,0.0,0.0,1.714,1,0,reroute_adjacent_aisle,8
358,evt-0357,amr-11,aisle-block-C,140423.684,parked_cart,2,0,,ANALYTICAL,0,1.608,0.0,0.0,1.608,1,0,pass_with_offset_0_5m,8
359,evt-0358,amr-00,aisle-block-C,140473.935,reflective_floor,3,0,,ANALYTICAL,0,2.101,0.0,0.0,2.101,1,0,fuse_3d_camera_downweight_lidar,8
360,evt-0359,amr-07,aisle-block-D,140868.977,conveyor_crossing,1,0,,ANALYTICAL,0,1.498,0.0,0.0,1.498,1,0,wait_for_clear_signal,8
361,evt-0360,amr-01,aisle-block-A,140986.788,parked_cart,5,0,,ANALYTICAL,0,1.424,0.0,0.0,1.424,1,0,pass_with_offset_0_5m,8
362,evt-0361,amr-05,aisle-block-D,141005.617,localization_loss,2,0,,ANALYTICAL,0,1.953,0.0,0.0,1.953,1,0,switch_to_fiducial_localization,8
363,evt-0362,amr-11,aisle-block-D,141986.737,parked_cart,2,0,,ANALYTICAL,0,1.367,0.0,0.0,1.367,1,0,pass_with_offset_0_5m,8
364,evt-0363,amr-05,aisle-block-A,142019.172,conveyor_crossing,1,0,,ANALYTICAL,0,2.264,0.0,0.0,2.264,1,0,wait_for_clear_signal,8
365,evt-0364,amr-01,aisle-block-D,143251.509,overhanging_load,3,1,execution_anomaly,HEALED,1,2.017,753.143,217.661,977.821,1,0,retune:overhanging_load,8
366,evt-0365,amr-09,aisle-block-C,143341.102,spilled_carton,2,0,,ANALYTICAL,0,1.62,0.0,0.0,1.62,1,0,stop_reroute_flag_cleanup,8
367,evt-0366,amr-03,aisle-block-B,143933.543,parked_cart,4,0,,ANALYTICAL,0,1.499,0.0,0.0,1.499,1,0,pass_with_offset_0_5m,8
368,evt-0367,amr-00,aisle-block-C,144406.507,static_pallet,4,0,,ANALYTICAL,0,1.987,0.0,0.0,1.987,1,0,reroute_adjacent_aisle,8
369,evt-0368,amr-03,aisle-block-D,144708.358,conveyor_crossing,1,0,,ANALYTICAL,0,2.104,0.0,0.0,2.104,1,0,wait_for_clear_signal,8
370,evt-0369,amr-03,aisle-block-D,144726.315,spilled_carton,3,0,,ANALYTICAL,0,2.035,0.0,0.0,2.035,1,0,stop_reroute_flag_cleanup,8
371,evt-0370,amr-10,aisle-block-D,145007.94,static_pallet,5,0,,ANALYTICAL,0,2.78,0.0,0.0,2.78,1,0,reroute_adjacent_aisle,8
372,evt-0371,amr-05,aisle-block-D,145145.882,spilled_carton,3,0,,ANALYTICAL,0,3.071,0.0,0.0,3.071,1,0,stop_reroute_flag_cleanup,8
373,evt-0372,amr-09,aisle-block-A,145236.498,parked_cart,2,0,,ANALYTICAL,0,2.798,0.0,0.0,2.798,1,0,pass_with_offset_0_5m,8
374,evt-0373,amr-03,aisle-block-D,145413.944,aisle_barrier,3,0,,ANALYTICAL,0,2.952,0.0,0.0,2.952,1,0,replan_route,8
375,evt-0374,amr-11,aisle-block-A,145559.029,parked_cart,3,0,,ANALYTICAL,0,1.63,0.0,0.0,1.63,1,0,pass_with_offset_0_5m,8
376,evt-0375,amr-00,aisle-block-C,145760.864,aisle_barrier,2,0,,ANALYTICAL,0,2.192,0.0,0.0,2.192,1,0,replan_route,8
377,evt-0376,amr-03,aisle-block-A,146312.319,conveyor_crossing,2,0,,ANALYTICAL,0,1.504,0.0,0.0,1.504,1,0,wait_for_clear_signal,8
378,evt-0377,amr-03,aisle-block-D,146412.878,aisle_barrier,1,0,,ANALYTICAL,0,2.546,0.0,0.0,2.546,1,0,replan_route,8
379,evt-0378,amr-01,aisle-block-B,146421.695,localization_loss,4,0,,ANALYTICAL,0,1.801,0.0,0.0,1.801,1,0,switch_to_fiducial_localization,8
380,evt-0379,amr-01,aisle-block-A,147083.652,localization_loss,1,0,,ANALYTICAL,0,2.197,0.0,0.0,2.197,1,0,switch_to_fiducial_localization,8
381,evt-0380,amr-00,aisle-block-D,147284.661,moving_forklift,2,0,,ANALYTICAL,0,2.047,0.0,0.0,2.047,1,0,yield_at_aisle_end_until_clear,8
382,evt-0381,amr-02,aisle-block-A,147520.906,person_in_zone,5,0,,ANALYTICAL,0,1.735,0.0,0.0,1.735,1,0,protective_stop,8
383,evt-0382,amr-00,aisle-block-A,147840.922,aisle_barrier,2,0,,ANALYTICAL,0,2.059,0.0,0.0,2.059,1,0,replan_route,8
384,evt-0383,amr-08,aisle-block-A,147955.54,blocked_dropoff_station,3,0,,ANALYTICAL,0,1.963,0.0,0.0,1.963,1,0,select_alternate_station,8
385,evt-0384,amr-05,aisle-block-D,148289.103,aisle_barrier,1,0,,ANALYTICAL,0,1.764,0.0,0.0,1.764,1,0,replan_route,8
386,evt-0385,amr-00,aisle-block-D,148892.105,person_in_zone,5,0,,ANALYTICAL,0,4.189,0.0,0.0,4.189,1,0,protective_stop,8
387,evt-0386,amr-04,aisle-block-A,149319.957,stretch_wrap_debris,2,0,,ANALYTICAL,0,1.929,0.0,0.0,1.929,1,0,avoid_cell_and_reroute,8
388,evt-0387,amr-02,aisle-block-B,150414.574,parked_cart,3,0,,ANALYTICAL,0,1.688,0.0,0.0,1.688,1,0,pass_with_offset_0_5m,8
389,evt-0388,amr-11,aisle-block-C,150426.019,localization_loss,5,0,,ANALYTICAL,0,1.656,0.0,0.0,1.656,1,0,switch_to_fiducial_localization,8
390,evt-0389,amr-07,aisle-block-C,151091.157,parked_cart,1,0,,ANALYTICAL,0,1.797,0.0,0.0,1.797,1,0,pass_with_offset_0_5m,8
391,evt-0390,amr-00,aisle-block-C,151390.155,localization_loss,2,0,,ANALYTICAL,0,1.452,0.0,0.0,1.452,1,0,switch_to_fiducial_localization,8
392,evt-0391,amr-05,aisle-block-A,152038.808,static_pallet,5,0,,ANALYTICAL,0,1.847,0.0,0.0,1.847,1,0,reroute_adjacent_aisle,8
393,evt-0392,amr-05,aisle-block-A,152337.677,aisle_barrier,4,0,,ANALYTICAL,0,2.955,0.0,0.0,2.955,1,0,replan_route,8
394,evt-0393,amr-11,aisle-block-D,153827.242,stretch_wrap_debris,4,0,,ANALYTICAL,0,3.107,0.0,0.0,3.107,1,0,avoid_cell_and_reroute,8
395,evt-0394,amr-09,aisle-block-C,154300.336,parked_cart,5,0,,ANALYTICAL,0,1.513,0.0,0.0,1.513,1,0,pass_with_offset_0_5m,8
396,evt-0395,amr-02,aisle-block-A,154439.885,blocked_dropoff_station,5,0,,ANALYTICAL,0,2.443,0.0,0.0,2.443,1,0,select_alternate_station,8
397,evt-0396,amr-09,aisle-block-C,154453.052,localization_loss,5,0,,ANALYTICAL,0,1.876,0.0,0.0,1.876,1,0,switch_to_fiducial_localization,8
398,evt-0397,amr-11,aisle-block-A,154513.681,parked_cart,3,0,,ANALYTICAL,0,1.993,0.0,0.0,1.993,1,0,pass_with_offset_0_5m,8
399,evt-0398,amr-10,aisle-block-C,155007.407,conveyor_crossing,3,0,,ANALYTICAL,0,2.206,0.0,0.0,2.206,1,0,wait_for_clear_signal,8
400,evt-0399,amr-11,aisle-block-A,155626.029,static_pallet,4,0,,ANALYTICAL,0,1.908,0.0,0.0,1.908,1,0,reroute_adjacent_aisle,8
401,evt-0400,amr-06,aisle-block-C,155897.792,person_in_zone,1,0,,ANALYTICAL,0,1.219,0.0,0.0,1.219,1,0,protective_stop,8
402,evt-0401,amr-03,aisle-block-B,156465.722,conveyor_crossing,1,0,,ANALYTICAL,0,1.777,0.0,0.0,1.777,1,0,wait_for_clear_signal,8
403,evt-0402,amr-02,aisle-block-D,156496.561,parked_cart,1,0,,ANALYTICAL,0,2.008,0.0,0.0,2.008,1,0,pass_with_offset_0_5m,8
404,evt-0403,amr-09,aisle-block-D,156857.151,spilled_carton,4,0,,ANALYTICAL,0,1.828,0.0,0.0,1.828,1,0,stop_reroute_flag_cleanup,8
405,evt-0404,amr-01,aisle-block-C,156925.516,parked_cart,2,0,,ANALYTICAL,0,1.477,0.0,0.0,1.477,1,0,pass_with_offset_0_5m,8
406,evt-0405,amr-10,aisle-block-C,157236.237,aisle_barrier,1,0,,ANALYTICAL,0,1.877,0.0,0.0,1.877,1,0,replan_route,8
407,evt-0406,amr-05,aisle-block-A,157302.937,conveyor_crossing,3,0,,ANALYTICAL,0,2.261,0.0,0.0,2.261,1,0,wait_for_clear_signal,8
408,evt-0407,amr-03,aisle-block-B,157343.744,person_in_zone,1,0,,ANALYTICAL,0,2.189,0.0,0.0,2.189,1,0,protective_stop,8
409,evt-0408,amr-10,aisle-block-C,157598.409,static_pallet,5,0,,ANALYTICAL,0,2.895,0.0,0.0,2.895,1,0,reroute_adjacent_aisle,8
410,evt-0409,amr-00,aisle-block-C,157681.014,conveyor_crossing,3,0,,ANALYTICAL,0,1.951,0.0,0.0,1.951,1,0,wait_for_clear_signal,8
411,evt-0410,amr-10,aisle-block-A,158239.124,static_pallet,3,0,,ANALYTICAL,0,1.191,0.0,0.0,1.191,1,0,reroute_adjacent_aisle,8
412,evt-0411,amr-00,aisle-block-D,158342.38,reflective_floor,4,0,,ANALYTICAL,0,2.823,0.0,0.0,2.823,1,0,fuse_3d_camera_downweight_lidar,8
413,evt-0412,amr-03,aisle-block-D,158682.501,aisle_barrier,4,0,,ANALYTICAL,0,2.47,0.0,0.0,2.47,1,0,replan_route,8
414,evt-0413,amr-09,aisle-block-B,159605.359,static_pallet,4,0,,ANALYTICAL,0,2.804,0.0,0.0,2.804,1,0,reroute_adjacent_aisle,8
415,evt-0414,amr-02,aisle-block-A,160266.424,conveyor_crossing,4,0,,ANALYTICAL,0,2.161,0.0,0.0,2.161,1,0,wait_for_clear_signal,8
416,evt-0415,amr-05,aisle-block-A,160628.018,static_pallet,5,0,,ANALYTICAL,0,1.605,0.0,0.0,1.605,1,0,reroute_adjacent_aisle,8
417,evt-0416,amr-00,aisle-block-D,160873.13,static_pallet,2,0,,ANALYTICAL,0,1.862,0.0,0.0,1.862,1,0,reroute_adjacent_aisle,8
418,evt-0417,amr-01,aisle-block-A,161996.168,stretch_wrap_debris,5,0,,ANALYTICAL,0,1.46,0.0,0.0,1.46,1,0,avoid_cell_and_reroute,8
419,evt-0418,amr-09,aisle-block-D,162421.606,static_pallet,3,0,,ANALYTICAL,0,2.498,0.0,0.0,2.498,1,0,reroute_adjacent_aisle,8
420,evt-0419,amr-06,aisle-block-C,162627.084,moving_forklift,1,0,,ANALYTICAL,0,2.749,0.0,0.0,2.749,1,0,yield_at_aisle_end_until_clear,8
421,evt-0420,amr-04,aisle-block-C,162635.261,aisle_barrier,4,0,,ANALYTICAL,0,2.555,0.0,0.0,2.555,1,0,replan_route,8
422,evt-0421,amr-04,aisle-block-D,162738.747,stretch_wrap_debris,3,0,,ANALYTICAL,0,1.93,0.0,0.0,1.93,1,0,avoid_cell_and_reroute,8
423,evt-0422,amr-03,aisle-block-D,162822.017,spilled_carton,5,0,,ANALYTICAL,0,1.785,0.0,0.0,1.785,1,0,stop_reroute_flag_cleanup,8
424,evt-0423,amr-04,aisle-block-D,162891.269,parked_cart,5,0,,ANALYTICAL,0,1.676,0.0,0.0,1.676,1,0,pass_with_offset_0_5m,8
425,evt-0424,amr-00,aisle-block-B,163607.006,static_pallet,1,0,,ANALYTICAL,0,1.734,0.0,0.0,1.734,1,0,reroute_adjacent_aisle,8
426,evt-0425,amr-08,aisle-block-D,164300.794,person_in_zone,1,0,,ANALYTICAL,0,1.916,0.0,0.0,1.916,1,0,protective_stop,8
427,evt-0426,amr-07,aisle-block-C,164537.105,aisle_barrier,3,0,,ANALYTICAL,0,1.142,0.0,0.0,1.142,1,0,replan_route,8
428,evt-0427,amr-02,aisle-block-B,164732.578,overhanging_load,2,0,,ANALYTICAL,0,2.163,0.0,0.0,2.163,1,0,reduce_speed_widen_clearance,8
429,evt-0428,amr-10,aisle-block-A,164740.681,conveyor_crossing,2,0,,ANALYTICAL,0,1.524,0.0,0.0,1.524,1,0,wait_for_clear_signal,8
430,evt-0429,amr-04,aisle-block-C,164857.03,conveyor_crossing,4,1,execution_anomaly,HEALED,1,1.23,1713.241,182.546,1902.017,1,0,retune:wait_for_clear_signal,8
431,evt-0430,amr-08,aisle-block-D,165000.928,person_in_zone,1,0,,ANALYTICAL,0,1.195,0.0,0.0,1.195,1,0,protective_stop,8
432,evt-0431,amr-10,aisle-block-C,165188.437,aisle_barrier,1,0,,ANALYTICAL,0,2.584,0.0,0.0,2.584,1,0,replan_route,8
433,evt-0432,amr-04,aisle-block-C,165345.735,moving_forklift,3,0,,ANALYTICAL,0,3.423,0.0,0.0,3.423,1,0,yield_at_aisle_end_until_clear,8
434,evt-0433,amr-09,aisle-block-D,165369.115,moving_forklift,2,0,,ANALYTICAL,0,1.321,0.0,0.0,1.321,1,0,yield_at_aisle_end_until_clear,8
435,evt-0434,amr-06,aisle-block-D,165489.247,conveyor_crossing,1,0,,ANALYTICAL,0,1.671,0.0,0.0,1.671,1,0,wait_for_clear_signal,8
436,evt-0435,amr-11,aisle-block-B,165657.377,moving_forklift,4,0,,ANALYTICAL,0,1.573,0.0,0.0,1.573,1,0,yield_at_aisle_end_until_clear,8
437,evt-0436,amr-10,aisle-block-B,166404.193,aisle_barrier,4,0,,ANALYTICAL,0,2.785,0.0,0.0,2.785,1,0,replan_route,8
438,evt-0437,amr-02,aisle-block-C,166979.933,moving_forklift,2,0,,ANALYTICAL,0,1.715,0.0,0.0,1.715,1,0,yield_at_aisle_end_until_clear,8
439,evt-0438,amr-05,aisle-block-C,167600.571,aisle_barrier,3,0,,ANALYTICAL,0,1.372,0.0,0.0,1.372,1,0,replan_route,8
440,evt-0439,amr-09,aisle-block-A,168003.054,conveyor_crossing,2,0,,ANALYTICAL,0,2.741,0.0,0.0,2.741,1,0,wait_for_clear_signal,8
441,evt-0440,amr-00,aisle-block-B,168144.785,parked_cart,2,0,,ANALYTICAL,0,2.946,0.0,0.0,2.946,1,0,pass_with_offset_0_5m,8
442,evt-0441,amr-02,aisle-block-C,169871.258,overhanging_load,2,0,,ANALYTICAL,0,1.718,0.0,0.0,1.718,1,0,reduce_speed_widen_clearance,8
443,evt-0442,amr-10,aisle-block-A,169949.093,static_pallet,3,0,,ANALYTICAL,0,1.834,0.0,0.0,1.834,1,0,reroute_adjacent_aisle,8
444,evt-0443,amr-01,aisle-block-B,170018.09,person_in_zone,4,0,,ANALYTICAL,0,1.609,0.0,0.0,1.609,1,0,protective_stop,8
445,evt-0444,amr-03,aisle-block-C,170033.472,blocked_dropoff_station,3,0,,ANALYTICAL,0,1.617,0.0,0.0,1.617,1,0,select_alternate_station,8
446,evt-0445,amr-11,aisle-block-B,170035.125,parked_cart,3,0,,ANALYTICAL,0,2.233,0.0,0.0,2.233,1,0,pass_with_offset_0_5m,8
447,evt-0446,amr-01,aisle-block-A,170181.304,aisle_barrier,3,0,,ANALYTICAL,0,1.711,0.0,0.0,1.711,1,0,replan_route,8
448,evt-0447,amr-10,aisle-block-B,170408.732,aisle_barrier,4,0,,ANALYTICAL,0,2.562,0.0,0.0,2.562,1,0,replan_route,8
449,evt-0448,amr-06,aisle-block-A,171410.15,parked_cart,2,0,,ANALYTICAL,0,2.017,0.0,0.0,2.017,1,0,pass_with_offset_0_5m,8
450,evt-0449,amr-11,aisle-block-A,171462.723,aisle_barrier,3,0,,ANALYTICAL,0,1.551,0.0,0.0,1.551,1,0,replan_route,8
451,evt-0450,amr-01,aisle-block-A,171482.383,static_pallet,1,0,,ANALYTICAL,0,2.463,0.0,0.0,2.463,1,0,reroute_adjacent_aisle,8
452,evt-0451,amr-02,aisle-block-B,171739.666,spilled_carton,1,0,,ANALYTICAL,0,4.407,0.0,0.0,4.407,1,0,stop_reroute_flag_cleanup,8
453,evt-0452,amr-09,aisle-block-B,171865.537,conveyor_crossing,1,0,,ANALYTICAL,0,1.364,0.0,0.0,1.364,1,0,wait_for_clear_signal,8
454,evt-0453,amr-07,aisle-block-B,172479.938,person_in_zone,3,0,,ANALYTICAL,0,3.682,0.0,0.0,3.682,1,0,protective_stop,8
455,evt-0454,amr-02,aisle-block-A,172690.826,person_in_zone,2,0,,ANALYTICAL,0,2.435,0.0,0.0,2.435,1,0,protective_stop,8
456,evt-0455,amr-01,aisle-block-A,172695.959,reflective_floor,4,0,,ANALYTICAL,0,1.683,0.0,0.0,1.683,1,0,fuse_3d_camera_downweight_lidar,8
457,evt-0456,amr-01,aisle-block-C,173210.268,moving_forklift,4,0,,ANALYTICAL,0,2.051,0.0,0.0,2.051,1,0,yield_at_aisle_end_until_clear,8
458,evt-0457,amr-02,aisle-block-A,173252.328,overhanging_load,3,0,,ANALYTICAL,0,1.997,0.0,0.0,1.997,1,0,reduce_speed_widen_clearance,8
459,evt-0458,amr-00,aisle-block-A,173292.255,overhanging_load,2,0,,ANALYTICAL,0,2.154,0.0,0.0,2.154,1,0,reduce_speed_widen_clearance,8
460,evt-0459,amr-11,aisle-block-A,173417.214,aisle_barrier,3,0,,ANALYTICAL,0,1.329,0.0,0.0,1.329,1,0,replan_route,8
461,evt-0460,amr-06,aisle-block-D,173544.104,reflective_floor,2,0,,ANALYTICAL,0,1.48,0.0,0.0,1.48,1,0,fuse_3d_camera_downweight_lidar,8
462,evt-0461,amr-02,aisle-block-A,174686.263,conveyor_crossing,5,0,,ANALYTICAL,0,2.833,0.0,0.0,2.833,1,0,wait_for_clear_signal,8
463,evt-0462,amr-05,aisle-block-A,175064.266,overhanging_load,2,0,,ANALYTICAL,0,1.664,0.0,0.0,1.664,1,0,reduce_speed_widen_clearance,8
464,evt-0463,amr-01,aisle-block-C,175296.685,moving_forklift,1,0,,ANALYTICAL,0,2.457,0.0,0.0,2.457,1,0,yield_at_aisle_end_until_clear,8
465,evt-0464,amr-09,aisle-block-B,175640.506,blocked_dropoff_station,3,0,,ANALYTICAL,0,1.467,0.0,0.0,1.467,1,0,select_alternate_station,8
466,evt-0465,amr-11,aisle-block-B,175867.357,conveyor_crossing,4,0,,ANALYTICAL,0,1.787,0.0,0.0,1.787,1,0,wait_for_clear_signal,8
467,evt-0466,amr-00,aisle-block-B,176247.001,conveyor_crossing,4,0,,ANALYTICAL,0,2.272,0.0,0.0,2.272,1,0,wait_for_clear_signal,8
468,evt-0467,amr-03,aisle-block-C,176517.633,blocked_dropoff_station,1,0,,ANALYTICAL,0,1.213,0.0,0.0,1.213,1,0,select_alternate_station,8
469,evt-0468,amr-01,aisle-block-D,177197.167,conveyor_crossing,5,0,,ANALYTICAL,0,2.071,0.0,0.0,2.071,1,0,wait_for_clear_signal,8
470,evt-0469,amr-07,aisle-block-A,177247.713,static_pallet,4,0,,ANALYTICAL,0,0.981,0.0,0.0,0.981,1,0,reroute_adjacent_aisle,8
471,evt-0470,amr-09,aisle-block-C,177875.383,overhanging_load,5,0,,ANALYTICAL,0,1.414,0.0,0.0,1.414,1,0,reduce_speed_widen_clearance,8
472,evt-0471,amr-00,aisle-block-B,178055.992,reflective_floor,3,0,,ANALYTICAL,0,1.407,0.0,0.0,1.407,1,0,fuse_3d_camera_downweight_lidar,8
473,evt-0472,amr-11,aisle-block-D,178484.197,static_pallet,2,0,,ANALYTICAL,0,1.966,0.0,0.0,1.966,1,0,reroute_adjacent_aisle,8
474,evt-0473,amr-08,aisle-block-C,179127.798,spilled_carton,1,0,,ANALYTICAL,0,2.641,0.0,0.0,2.641,1,0,stop_reroute_flag_cleanup,8
475,evt-0474,amr-06,aisle-block-A,179670.509,parked_cart,2,0,,ANALYTICAL,0,1.752,0.0,0.0,1.752,1,0,pass_with_offset_0_5m,8
476,evt-0475,amr-03,aisle-block-C,179914.801,static_pallet,4,0,,ANALYTICAL,0,2.898,0.0,0.0,2.898,1,0,reroute_adjacent_aisle,8
477,evt-0476,amr-07,aisle-block-D,179967.401,moving_forklift,5,0,,ANALYTICAL,0,2.014,0.0,0.0,2.014,1,0,yield_at_aisle_end_until_clear,8
478,evt-0477,amr-06,aisle-block-D,179987.317,localization_loss,2,0,,ANALYTICAL,0,2.626,0.0,0.0,2.626,1,0,switch_to_fiducial_localization,8
479,evt-0478,amr-10,aisle-block-C,180031.044,conveyor_crossing,4,0,,ANALYTICAL,0,2.951,0.0,0.0,2.951,1,0,wait_for_clear_signal,8
480,evt-0479,amr-06,aisle-block-C,180145.178,blocked_dropoff_station,4,0,,ANALYTICAL,0,2.597,0.0,0.0,2.597,1,0,select_alternate_station,8
481,evt-0480,amr-08,aisle-block-C,181015.337,reflective_floor,5,0,,ANALYTICAL,0,1.555,0.0,0.0,1.555,1,0,fuse_3d_camera_downweight_lidar,8
482,evt-0481,amr-03,aisle-block-B,181415.84,person_in_zone,3,0,,ANALYTICAL,0,1.772,0.0,0.0,1.772,1,0,protective_stop,8
483,evt-0482,amr-02,aisle-block-C,181911.537,spilled_carton,3,0,,ANALYTICAL,0,3.373,0.0,0.0,3.373,1,0,stop_reroute_flag_cleanup,8
484,evt-0483,amr-10,aisle-block-C,182406.858,overhanging_load,4,0,,ANALYTICAL,0,1.784,0.0,0.0,1.784,1,0,reduce_speed_widen_clearance,8
485,evt-0484,amr-10,aisle-block-A,182469.672,parked_cart,2,0,,ANALYTICAL,0,2.591,0.0,0.0,2.591,1,0,pass_with_offset_0_5m,8
486,evt-0485,amr-04,aisle-block-B,182495.288,stretch_wrap_debris,1,0,,ANALYTICAL,0,1.244,0.0,0.0,1.244,1,0,avoid_cell_and_reroute,8
487,evt-0486,amr-08,aisle-block-B,182945.508,spilled_carton,5,0,,ANALYTICAL,0,1.968,0.0,0.0,1.968,1,0,stop_reroute_flag_cleanup,8
488,evt-0487,amr-11,aisle-block-A,183421.968,localization_loss,4,0,,ANALYTICAL,0,1.761,0.0,0.0,1.761,1,0,switch_to_fiducial_localization,8
489,evt-0488,amr-00,aisle-block-A,184772.569,stretch_wrap_debris,2,0,,ANALYTICAL,0,1.745,0.0,0.0,1.745,1,0,avoid_cell_and_reroute,8
490,evt-0489,amr-10,aisle-block-C,185481.313,stretch_wrap_debris,5,0,,ANALYTICAL,0,2.251,0.0,0.0,2.251,1,0,avoid_cell_and_reroute,8
491,evt-0490,amr-07,aisle-block-B,185567.332,blocked_dropoff_station,1,0,,ANALYTICAL,0,1.703,0.0,0.0,1.703,1,0,select_alternate_station,8
492,evt-0491,amr-06,aisle-block-C,185756.743,person_in_zone,2,0,,ANALYTICAL,0,2.099,0.0,0.0,2.099,1,0,protective_stop,8
493,evt-0492,amr-02,aisle-block-A,186007.935,parked_cart,3,0,,ANALYTICAL,0,1.643,0.0,0.0,1.643,1,0,pass_with_offset_0_5m,8
494,evt-0493,amr-04,aisle-block-D,186748.895,stretch_wrap_debris,5,0,,ANALYTICAL,0,1.177,0.0,0.0,1.177,1,0,avoid_cell_and_reroute,8
495,evt-0494,amr-02,aisle-block-A,186848.26,stretch_wrap_debris,2,0,,ANALYTICAL,0,2.013,0.0,0.0,2.013,1,0,avoid_cell_and_reroute,8
496,evt-0495,amr-03,aisle-block-C,186948.26,aisle_barrier,3,0,,ANALYTICAL,0,2.124,0.0,0.0,2.124,1,0,replan_route,8
497,evt-0496,amr-10,aisle-block-A,189225.525,static_pallet,3,0,,ANALYTICAL,0,1.313,0.0,0.0,1.313,1,0,reroute_adjacent_aisle,8
498,evt-0497,amr-00,aisle-block-C,189613.752,aisle_barrier,1,0,,ANALYTICAL,0,1.748,0.0,0.0,1.748,1,0,replan_route,8
499,evt-0498,amr-05,aisle-block-D,190582.912,conveyor_crossing,3,0,,ANALYTICAL,0,1.29,0.0,0.0,1.29,1,0,wait_for_clear_signal,8
500,evt-0499,amr-02,aisle-block-A,191767.15,person_in_zone,2,0,,ANALYTICAL,0,1.103,0.0,0.0,1.103,1,0,protective_stop,8
