policy,metric,mean,ci95_halfwidth,min,max,seeds
rules_only,resolved_pct,61.596,0.314,54.400,67.600,200
rules_only,gen_calls,0.000,0.000,0.000,0.000,200
rules_only,fault_pct,38.404,0.314,32.400,45.600,200
rules_only,fault_pct_first100,38.630,0.694,27.000,56.000,200
rules_only,fault_pct_last100,38.420,0.714,27.000,56.000,200
rules_only,mean_ms,2.091,0.004,2.003,2.168,200
rules_only,p50_ms,2.001,0.005,1.911,2.106,200
rules_only,p95_ms,3.269,0.013,3.021,3.538,200
rules_only,p99_ms,3.959,0.025,3.526,4.666,200
generative_all,resolved_pct,95.731,0.121,92.600,98.200,200
generative_all,gen_calls,729.820,2.320,683.000,787.000,200
generative_all,fault_pct,100.000,0.000,100.000,100.000,200
generative_all,fault_pct_first100,100.000,0.000,100.000,100.000,200
generative_all,fault_pct_last100,100.000,0.000,100.000,100.000,200
generative_all,mean_ms,2441.951,8.732,2282.260,2626.074,200
generative_all,p50_ms,1972.301,9.392,1810.255,2215.080,200
generative_all,p95_ms,5170.007,25.167,4635.609,5829.928,200
generative_all,p99_ms,6326.325,37.474,5680.274,7233.641,200
heal_no_learn,resolved_pct,98.164,0.118,95.400,99.800,200
heal_no_learn,gen_calls,218.010,1.969,171.000,256.000,200
heal_no_learn,fault_pct,38.336,0.305,32.600,45.200,200
heal_no_learn,fault_pct_first100,38.480,0.699,28.000,55.000,200
heal_no_learn,fault_pct_last100,38.470,0.685,26.000,54.000,200
heal_no_learn,mean_ms,861.039,8.667,722.790,1023.356,200
heal_no_learn,p50_ms,2.615,0.015,2.373,3.016,200
heal_no_learn,p95_ms,3889.382,40.928,3026.773,4683.723,200
heal_no_learn,p99_ms,5481.513,49.068,4460.483,6719.202,200
proposed,resolved_pct,99.713,0.041,98.400,100.000,200
proposed,gen_calls,40.215,1.114,23.000,67.000,200
proposed,fault_pct,5.851,0.130,3.400,8.600,200
proposed,fault_pct_first100,13.045,0.328,8.000,21.000,200
proposed,fault_pct_last100,4.085,0.261,0.000,10.000,200
proposed,mean_ms,143.503,3.996,80.943,226.880,200
proposed,p50_ms,2.046,0.005,1.954,2.135,200
proposed,p95_ms,982.646,77.815,3.641,1967.111,200
proposed,p99_ms,3606.376,91.515,1989.534,5461.731,200
