policy,bin_start_event,bin_end_event,fault_pct_mean,ci95_halfwidth,seeds
rules_only,1,25,39.280,1.269,200
rules_only,26,50,37.940,1.315,200
rules_only,51,75,38.000,1.415,200
rules_only,76,100,39.300,1.327,200
rules_only,101,125,37.720,1.352,200
rules_only,126,150,38.160,1.376,200
rules_only,151,175,38.720,1.393,200
rules_only,176,200,38.780,1.354,200
rules_only,201,225,38.040,1.254,200
rules_only,226,250,38.240,1.335,200
rules_only,251,275,37.080,1.271,200
rules_only,276,300,38.460,1.425,200
rules_only,301,325,38.520,1.334,200
rules_only,326,350,36.880,1.395,200
rules_only,351,375,40.000,1.333,200
rules_only,376,400,39.280,1.321,200
rules_only,401,425,38.360,1.308,200
rules_only,426,450,37.640,1.272,200
rules_only,451,475,39.100,1.391,200
rules_only,476,500,38.580,1.446,200
generative_all,1,25,100.000,0.000,200
generative_all,26,50,100.000,0.000,200
generative_all,51,75,100.000,0.000,200
generative_all,76,100,100.000,0.000,200
generative_all,101,125,100.000,0.000,200
generative_all,126,150,100.000,0.000,200
generative_all,151,175,100.000,0.000,200
generative_all,176,200,100.000,0.000,200
generative_all,201,225,100.000,0.000,200
generative_all,226,250,100.000,0.000,200
generative_all,251,275,100.000,0.000,200
generative_all,276,300,100.000,0.000,200
generative_all,301,325,100.000,0.000,200
generative_all,326,350,100.000,0.000,200
generative_all,351,375,100.000,0.000,200
generative_all,376,400,100.000,0.000,200
generative_all,401,425,100.000,0.000,200
generative_all,426,450,100.000,0.000,200
generative_all,451,475,100.000,0.000,200
generative_all,476,500,100.000,0.000,200
heal_no_learn,1,25,39.040,1.296,200
heal_no_learn,26,50,37.780,1.362,200
heal_no_learn,51,75,38.040,1.371,200
heal_no_learn,76,100,39.060,1.411,200
heal_no_learn,101,125,37.980,1.388,200
heal_no_learn,126,150,38.340,1.274,200
heal_no_learn,151,175,38.520,1.350,200
heal_no_learn,176,200,37.920,1.304,200
heal_no_learn,201,225,37.780,1.252,200
heal_no_learn,226,250,38.540,1.331,200
heal_no_learn,251,275,37.460,1.279,200
heal_no_learn,276,300,37.760,1.467,200
heal_no_learn,301,325,38.780,1.291,200
heal_no_learn,326,350,37.100,1.406,200
heal_no_learn,351,375,39.940,1.366,200
heal_no_learn,376,400,38.800,1.249,200
heal_no_learn,401,425,38.300,1.312,200
heal_no_learn,426,450,37.860,1.251,200
heal_no_learn,451,475,39.000,1.318,200
heal_no_learn,476,500,38.720,1.442,200
proposed,1,25,29.640,0.991,200
proposed,26,50,11.640,0.982,200
proposed,51,75,6.220,0.720,200
proposed,76,100,4.680,0.551,200
proposed,101,125,3.900,0.552,200
proposed,126,150,3.980,0.546,200
proposed,151,175,4.160,0.550,200
proposed,176,200,3.880,0.550,200
proposed,201,225,4.160,0.547,200
proposed,226,250,4.160,0.539,200
proposed,251,275,4.300,0.576,200
proposed,276,300,4.200,0.564,200
proposed,301,325,4.360,0.562,200
proposed,326,350,3.540,0.525,200
proposed,351,375,3.720,0.492,200
proposed,376,400,4.140,0.535,200
proposed,401,425,3.820,0.557,200
proposed,426,450,4.180,0.585,200
proposed,451,475,4.320,0.590,200
proposed,476,500,4.020,0.561,200
