policy,wrong_fix_p,monitor_catch_p,metric,mean,ci95_halfwidth,seeds
heal_no_learn,0.0,0.0,gen_calls,218.010,1.969,200
heal_no_learn,0.0,0.0,wrong_events_pct,0.000,0.000,200
heal_no_learn,0.0,0.0,wrong_rules,0.000,0.000,200
heal_no_learn,0.0,0.0,run_has_wrong_rule_pct,0.000,0.000,200
heal_no_learn,0.0,0.0,resolved_pct,98.164,0.118,200
heal_no_learn,0.0,0.0,monitor_vetoes,0.000,0.000,200
heal_no_learn,0.0,0.9,gen_calls,218.010,1.969,200
heal_no_learn,0.0,0.9,wrong_events_pct,0.000,0.000,200
heal_no_learn,0.0,0.9,wrong_rules,0.000,0.000,200
heal_no_learn,0.0,0.9,run_has_wrong_rule_pct,0.000,0.000,200
heal_no_learn,0.0,0.9,resolved_pct,98.164,0.118,200
heal_no_learn,0.0,0.9,monitor_vetoes,0.000,0.000,200
heal_no_learn,0.05,0.0,gen_calls,223.150,2.124,200
heal_no_learn,0.05,0.0,wrong_events_pct,0.551,0.059,200
heal_no_learn,0.05,0.0,wrong_rules,0.000,0.000,200
heal_no_learn,0.05,0.0,run_has_wrong_rule_pct,0.000,0.000,200
heal_no_learn,0.05,0.0,resolved_pct,97.591,0.127,200
heal_no_learn,0.05,0.0,monitor_vetoes,0.000,0.000,200
heal_no_learn,0.05,0.9,gen_calls,225.260,2.226,200
heal_no_learn,0.05,0.9,wrong_events_pct,0.054,0.016,200
heal_no_learn,0.05,0.9,wrong_rules,0.000,0.000,200
heal_no_learn,0.05,0.9,run_has_wrong_rule_pct,0.000,0.000,200
heal_no_learn,0.05,0.9,resolved_pct,97.509,0.132,200
heal_no_learn,0.05,0.9,monitor_vetoes,2.020,0.191,200
heal_no_learn,0.1,0.0,gen_calls,227.825,2.143,200
heal_no_learn,0.1,0.0,wrong_events_pct,1.090,0.077,200
heal_no_learn,0.1,0.0,wrong_rules,0.000,0.000,200
heal_no_learn,0.1,0.0,run_has_wrong_rule_pct,0.000,0.000,200
heal_no_learn,0.1,0.0,resolved_pct,97.285,0.135,200
heal_no_learn,0.1,0.0,monitor_vetoes,0.000,0.000,200
heal_no_learn,0.1,0.9,gen_calls,231.220,2.185,200
heal_no_learn,0.1,0.9,wrong_events_pct,0.121,0.027,200
heal_no_learn,0.1,0.9,wrong_rules,0.000,0.000,200
heal_no_learn,0.1,0.9,run_has_wrong_rule_pct,0.000,0.000,200
heal_no_learn,0.1,0.9,resolved_pct,96.820,0.147,200
heal_no_learn,0.1,0.9,monitor_vetoes,3.970,0.288,200
heal_no_learn,0.2,0.0,gen_calls,236.885,2.161,200
heal_no_learn,0.2,0.0,wrong_events_pct,2.454,0.127,200
heal_no_learn,0.2,0.0,wrong_rules,0.000,0.000,200
heal_no_learn,0.2,0.0,run_has_wrong_rule_pct,0.000,0.000,200
heal_no_learn,0.2,0.0,resolved_pct,96.073,0.163,200
heal_no_learn,0.2,0.0,monitor_vetoes,0.000,0.000,200
heal_no_learn,0.2,0.9,gen_calls,244.575,2.312,200
heal_no_learn,0.2,0.9,wrong_events_pct,0.259,0.039,200
heal_no_learn,0.2,0.9,wrong_rules,0.000,0.000,200
heal_no_learn,0.2,0.9,run_has_wrong_rule_pct,0.000,0.000,200
heal_no_learn,0.2,0.9,resolved_pct,95.092,0.185,200
heal_no_learn,0.2,0.9,monitor_vetoes,8.705,0.438,200
proposed,0.0,0.0,gen_calls,40.215,1.114,200
proposed,0.0,0.0,wrong_events_pct,0.000,0.000,200
proposed,0.0,0.0,wrong_rules,0.000,0.000,200
proposed,0.0,0.0,run_has_wrong_rule_pct,0.000,0.000,200
proposed,0.0,0.0,resolved_pct,99.713,0.041,200
proposed,0.0,0.0,monitor_vetoes,0.000,0.000,200
proposed,0.0,0.9,gen_calls,40.215,1.114,200
proposed,0.0,0.9,wrong_events_pct,0.000,0.000,200
proposed,0.0,0.9,wrong_rules,0.000,0.000,200
proposed,0.0,0.9,run_has_wrong_rule_pct,0.000,0.000,200
proposed,0.0,0.9,resolved_pct,99.713,0.041,200
proposed,0.0,0.9,monitor_vetoes,0.000,0.000,200
proposed,0.05,0.0,gen_calls,40.395,1.005,200
proposed,0.05,0.0,wrong_events_pct,0.567,0.235,200
proposed,0.05,0.0,wrong_rules,0.100,0.044,200
proposed,0.05,0.0,run_has_wrong_rule_pct,9.500,4.099,200
proposed,0.05,0.0,resolved_pct,99.701,0.039,200
proposed,0.05,0.0,monitor_vetoes,0.000,0.000,200
proposed,0.05,0.9,gen_calls,40.745,1.021,200
proposed,0.05,0.9,wrong_events_pct,0.036,0.061,200
proposed,0.05,0.9,wrong_rules,0.005,0.010,200
proposed,0.05,0.9,run_has_wrong_rule_pct,0.500,0.986,200
proposed,0.05,0.9,resolved_pct,99.686,0.041,200
proposed,0.05,0.9,monitor_vetoes,0.320,0.080,200
proposed,0.1,0.0,gen_calls,41.690,1.097,200
proposed,0.1,0.0,wrong_events_pct,1.001,0.308,200
proposed,0.1,0.0,wrong_rules,0.165,0.057,200
proposed,0.1,0.0,run_has_wrong_rule_pct,15.000,4.992,200
proposed,0.1,0.0,resolved_pct,99.635,0.047,200
proposed,0.1,0.0,monitor_vetoes,0.000,0.000,200
proposed,0.1,0.9,gen_calls,42.120,1.072,200
proposed,0.1,0.9,wrong_events_pct,0.077,0.085,200
proposed,0.1,0.9,wrong_rules,0.010,0.014,200
proposed,0.1,0.9,run_has_wrong_rule_pct,1.000,1.391,200
proposed,0.1,0.9,resolved_pct,99.617,0.045,200
proposed,0.1,0.9,monitor_vetoes,0.685,0.114,200
proposed,0.2,0.0,gen_calls,44.105,1.118,200
proposed,0.2,0.0,wrong_events_pct,2.112,0.391,200
proposed,0.2,0.0,wrong_rules,0.385,0.079,200
proposed,0.2,0.0,run_has_wrong_rule_pct,34.500,6.645,200
proposed,0.2,0.0,resolved_pct,99.443,0.058,200
proposed,0.2,0.0,monitor_vetoes,0.000,0.000,200
proposed,0.2,0.9,gen_calls,46.230,1.196,200
proposed,0.2,0.9,wrong_events_pct,0.223,0.147,200
proposed,0.2,0.9,wrong_rules,0.040,0.031,200
proposed,0.2,0.9,run_has_wrong_rule_pct,3.500,2.569,200
proposed,0.2,0.9,resolved_pct,99.338,0.056,200
proposed,0.2,0.9,monitor_vetoes,1.490,0.175,200
